sample_id	Observed	Shannon	Simpson	study	amplicon	flight	plant	compartment	light	treatment	soil_replicate	harvest	fruit_number	swab_location	fastq_r1	fastq_r2	description	read_depth
VEG-05-F-swab-Locker-1-1_S26_L001	78	2.65683883831058	0.884426067742394	OSD-766	16S	Flight	NA	swab	NA	Flight	NA	NA	NA	Locker-1-1	GLDS-672_Amplicon_16S-28-VEG-05-F-swab-Locker-1-1_S26_L001_R1_raw.fastq.gz	GLDS-672_Amplicon_16S-28-VEG-05-F-swab-Locker-1-1_S26_L001_R2_raw.fastq.gz	VEG-05-F-swab-Locker-1-1	33311
VEG-05-F-swab-Locker-1-2_S27_L001	37	0.674210551318007	0.239667189658597	OSD-766	16S	Flight	NA	swab	NA	Flight	NA	NA	NA	Locker-1-2	GLDS-672_Amplicon_16S-29-VEG-05-F-swab-Locker-1-2_S27_L001_R1_raw.fastq.gz	GLDS-672_Amplicon_16S-29-VEG-05-F-swab-Locker-1-2_S27_L001_R2_raw.fastq.gz	VEG-05-F-swab-Locker-1-2	31693
VEG-05-F-swab-Locker-1-3_S28_L001	87	2.00669635474108	0.722741575511786	OSD-766	16S	Flight	NA	swab	NA	Flight	NA	NA	NA	Locker-1-3	GLDS-672_Amplicon_16S-30-VEG-05-F-swab-Locker-1-3_S28_L001_R1_raw.fastq.gz	GLDS-672_Amplicon_16S-30-VEG-05-F-swab-Locker-1-3_S28_L001_R2_raw.fastq.gz	VEG-05-F-swab-Locker-1-3	513
VEG-05-F-swab-Locker-3-1_S29_L001	41	2.36152473783399	0.810621313149926	OSD-766	16S	Flight	NA	swab	NA	Flight	NA	NA	NA	Locker-3-1	GLDS-672_Amplicon_16S-31-VEG-05-F-swab-Locker-3-1_S29_L001_R1_raw.fastq.gz	GLDS-672_Amplicon_16S-31-VEG-05-F-swab-Locker-3-1_S29_L001_R2_raw.fastq.gz	VEG-05-F-swab-Locker-3-1	144
VEG-05-F-swab-Locker-3-2_S30_L001	77	2.7213413103346	0.890923443408169	OSD-766	16S	Flight	NA	swab	NA	Flight	NA	NA	NA	Locker-3-2	GLDS-672_Amplicon_16S-32-VEG-05-F-swab-Locker-3-2_S30_L001_R1_raw.fastq.gz	GLDS-672_Amplicon_16S-32-VEG-05-F-swab-Locker-3-2_S30_L001_R2_raw.fastq.gz	VEG-05-F-swab-Locker-3-2	25025
VEG-05-F-swab-Locker-3-3_S31_L001	86	2.40266384750354	0.862851011003722	OSD-766	16S	Flight	NA	swab	NA	Flight	NA	NA	NA	Locker-3-3	GLDS-672_Amplicon_16S-33-VEG-05-F-swab-Locker-3-3_S31_L001_R1_raw.fastq.gz	GLDS-672_Amplicon_16S-33-VEG-05-F-swab-Locker-3-3_S31_L001_R2_raw.fastq.gz	VEG-05-F-swab-Locker-3-3	15458
VEG-05-F-swab-SN-01-pillow-exterior_S36_L001	71	2.23436570791429	0.812073070219271	OSD-766	16S	Flight	SN01	swab	NA	Flight	NA	NA	NA	pillow-exterior	GLDS-672_Amplicon_16S-38-VEG-05-F-swab-SN-01-pillow-exterior_S36_L001_R1_raw.fastq.gz	GLDS-672_Amplicon_16S-38-VEG-05-F-swab-SN-01-pillow-exterior_S36_L001_R2_raw.fastq.gz	VEG-05-F-swab-SN-01-pillow-exterior	93
VEG-05-F-swab-SN-03-pillow-exterior_S37_L001	69	1.25050189480803	0.47338949771235	OSD-766	16S	Flight	SN03	swab	NA	Flight	NA	NA	NA	pillow-exterior	GLDS-672_Amplicon_16S-39-VEG-05-F-swab-SN-03-pillow-exterior_S37_L001_R1_raw.fastq.gz	GLDS-672_Amplicon_16S-39-VEG-05-F-swab-SN-03-pillow-exterior_S37_L001_R2_raw.fastq.gz	VEG-05-F-swab-SN-03-pillow-exterior	611
VEG-05-F-swab-SN-07-pillow-exterior_S38_L001	69	2.34106269279315	0.838488606285669	OSD-766	16S	Flight	SN07	swab	NA	Flight	NA	NA	NA	pillow-exterior	GLDS-672_Amplicon_16S-40-VEG-05-F-swab-SN-07-pillow-exterior_S38_L001_R1_raw.fastq.gz	GLDS-672_Amplicon_16S-40-VEG-05-F-swab-SN-07-pillow-exterior_S38_L001_R2_raw.fastq.gz	VEG-05-F-swab-SN-07-pillow-exterior	138
VEG-05-F-tom-SN-07-GMT83-2-Rtwo-grn-frt_S23_L001	13	2.45820443278557	0.905	OSD-766	16S	Flight	SN07	fruit	NA	Flight	NA	NA	NA		GLDS-672_Amplicon_16S-25-VEG-05-F-tom-SN-07-GMT83-2-Rtwo-grn-frt_S23_L001_R1_raw.fastq.gz	GLDS-672_Amplicon_16S-25-VEG-05-F-tom-SN-07-GMT83-2-Rtwo-grn-frt_S23_L001_R2_raw.fastq.gz	VEG-05-F-tom-SN-07-GMT83-2-Rtwo-grn-frt	26067
VEG-05-F-tom-SN-12-GMT83-1-Rone-grn-frt_S25_L001	17	2.61782614691388	0.909090909090909	OSD-766	16S	Flight	SN12	fruit	NA	Flight	NA	NA	NA		GLDS-672_Amplicon_16S-27-VEG-05-F-tom-SN-12-GMT83-1-Rone-grn-frt_S25_L001_R1_raw.fastq.gz	GLDS-672_Amplicon_16S-27-VEG-05-F-tom-SN-12-GMT83-1-Rone-grn-frt_S25_L001_R2_raw.fastq.gz	VEG-05-F-tom-SN-12-GMT83-1-Rone-grn-frt	30474
VEG-05-F-tomato-SN-01-GMT83-4-fruit_S22_L001	21	2.65981397809624	0.903047091412742	OSD-766	16S	Flight	SN01	fruit	NA	Flight	NA	NA	NA		GLDS-672_Amplicon_16S-24-VEG-05-F-tomato-SN-01-GMT83-4-fruit_S22_L001_R1_raw.fastq.gz	GLDS-672_Amplicon_16S-24-VEG-05-F-tomato-SN-01-GMT83-4-fruit_S22_L001_R2_raw.fastq.gz	VEG-05-F-tomato-SN-01-GMT83-4-fruit	113
VEG-05-F-tomato-SN-01-root_S2_L001	114	3.09363707903295	0.925847209830822	OSD-766	16S	Flight	SN01	root	NA	Flight	NA	NA	NA		GLDS-672_Amplicon_16S-2-VEG-05-F-tomato-SN-01-root_S2_L001_R1_raw.fastq.gz	GLDS-672_Amplicon_16S-2-VEG-05-F-tomato-SN-01-root_S2_L001_R2_raw.fastq.gz	VEG-05-F-tomato-SN-01-root	28798
VEG-05-F-tomato-SN-01-soil-1_S3_L001	110	3.06068229732694	0.920412922174536	OSD-766	16S	Flight	SN01	soil	NA	Flight	1	NA	NA		GLDS-672_Amplicon_16S-3-VEG-05-F-tomato-SN-01-soil-1_S3_L001_R1_raw.fastq.gz	GLDS-672_Amplicon_16S-3-VEG-05-F-tomato-SN-01-soil-1_S3_L001_R2_raw.fastq.gz	VEG-05-F-tomato-SN-01-soil-1	307
VEG-05-F-tomato-SN-01-soil-2_S4_L001	125	3.1884515494713	0.934423632261091	OSD-766	16S	Flight	SN01	soil	NA	Flight	2	NA	NA		GLDS-672_Amplicon_16S-4-VEG-05-F-tomato-SN-01-soil-2_S4_L001_R1_raw.fastq.gz	GLDS-672_Amplicon_16S-4-VEG-05-F-tomato-SN-01-soil-2_S4_L001_R2_raw.fastq.gz	VEG-05-F-tomato-SN-01-soil-2	145
VEG-05-F-tomato-SN-01-soil-3_S5_L001	116	3.1511789423652	0.929215929772691	OSD-766	16S	Flight	SN01	soil	NA	Flight	3	NA	NA		GLDS-672_Amplicon_16S-5-VEG-05-F-tomato-SN-01-soil-3_S5_L001_R1_raw.fastq.gz	GLDS-672_Amplicon_16S-5-VEG-05-F-tomato-SN-01-soil-3_S5_L001_R2_raw.fastq.gz	VEG-05-F-tomato-SN-01-soil-3	4122
VEG-05-F-tomato-SN-01-wick_S1_L001	116	3.02581463309113	0.918922643437832	OSD-766	16S	Flight	SN01	wick	NA	Flight	NA	NA	NA		GLDS-672_Amplicon_16S-1-VEG-05-F-tomato-SN-01-wick_S1_L001_R1_raw.fastq.gz	GLDS-672_Amplicon_16S-1-VEG-05-F-tomato-SN-01-wick_S1_L001_R2_raw.fastq.gz	VEG-05-F-tomato-SN-01-wick	116
VEG-05-F-tomato-SN-03-root_S7_L001	103	3.02512140098712	0.92065025082863	OSD-766	16S	Flight	SN03	root	NA	Flight	NA	NA	NA		GLDS-672_Amplicon_16S-8-VEG-05-F-tomato-SN-03-root_S7_L001_R1_raw.fastq.gz	GLDS-672_Amplicon_16S-8-VEG-05-F-tomato-SN-03-root_S7_L001_R2_raw.fastq.gz	VEG-05-F-tomato-SN-03-root	205
VEG-05-F-tomato-SN-03-soil-1_S8_L001	110	2.99888217829895	0.922376311335383	OSD-766	16S	Flight	SN03	soil	NA	Flight	1	NA	NA		GLDS-672_Amplicon_16S-9-VEG-05-F-tomato-SN-03-soil-1_S8_L001_R1_raw.fastq.gz	GLDS-672_Amplicon_16S-9-VEG-05-F-tomato-SN-03-soil-1_S8_L001_R2_raw.fastq.gz	VEG-05-F-tomato-SN-03-soil-1	158
VEG-05-F-tomato-SN-03-soil-2_S9_L001	117	3.14612656295564	0.931182040782353	OSD-766	16S	Flight	SN03	soil	NA	Flight	2	NA	NA		GLDS-672_Amplicon_16S-10-VEG-05-F-tomato-SN-03-soil-2_S9_L001_R1_raw.fastq.gz	GLDS-672_Amplicon_16S-10-VEG-05-F-tomato-SN-03-soil-2_S9_L001_R2_raw.fastq.gz	VEG-05-F-tomato-SN-03-soil-2	343
VEG-05-F-tomato-SN-03-soil-3_S10_L001	104	3.12275515660026	0.930499910623679	OSD-766	16S	Flight	SN03	soil	NA	Flight	3	NA	NA		GLDS-672_Amplicon_16S-11-VEG-05-F-tomato-SN-03-soil-3_S10_L001_R1_raw.fastq.gz	GLDS-672_Amplicon_16S-11-VEG-05-F-tomato-SN-03-soil-3_S10_L001_R2_raw.fastq.gz	VEG-05-F-tomato-SN-03-soil-3	465
VEG-05-F-tomato-SN-03-wick_S6_L001	98	2.30119000125988	0.804604406913729	OSD-766	16S	Flight	SN03	wick	NA	Flight	NA	NA	NA		GLDS-672_Amplicon_16S-7-VEG-05-F-tomato-SN-03-wick_S6_L001_R1_raw.fastq.gz	GLDS-672_Amplicon_16S-7-VEG-05-F-tomato-SN-03-wick_S6_L001_R2_raw.fastq.gz	VEG-05-F-tomato-SN-03-wick	18274
VEG-05-F-tomato-SN-07-root_S12_L001	101	3.19602093528269	0.934628722209731	OSD-766	16S	Flight	SN07	root	NA	Flight	NA	NA	NA		GLDS-672_Amplicon_16S-14-VEG-05-F-tomato-SN-07-root_S12_L001_R1_raw.fastq.gz	GLDS-672_Amplicon_16S-14-VEG-05-F-tomato-SN-07-root_S12_L001_R2_raw.fastq.gz	VEG-05-F-tomato-SN-07-root	24704
VEG-05-F-tomato-SN-07-soil-1_S13_L001	109	3.1230396726935	0.925465945153306	OSD-766	16S	Flight	SN07	soil	NA	Flight	1	NA	NA		GLDS-672_Amplicon_16S-15-VEG-05-F-tomato-SN-07-soil-1_S13_L001_R1_raw.fastq.gz	GLDS-672_Amplicon_16S-15-VEG-05-F-tomato-SN-07-soil-1_S13_L001_R2_raw.fastq.gz	VEG-05-F-tomato-SN-07-soil-1	21020
VEG-05-F-tomato-SN-07-soil-2_S14_L001	114	3.26861979651748	0.940176228278494	OSD-766	16S	Flight	SN07	soil	NA	Flight	2	NA	NA		GLDS-672_Amplicon_16S-16-VEG-05-F-tomato-SN-07-soil-2_S14_L001_R1_raw.fastq.gz	GLDS-672_Amplicon_16S-16-VEG-05-F-tomato-SN-07-soil-2_S14_L001_R2_raw.fastq.gz	VEG-05-F-tomato-SN-07-soil-2	13530
VEG-05-F-tomato-SN-07-soil-3_S15_L001	122	3.31173256557161	0.939154714639798	OSD-766	16S	Flight	SN07	soil	NA	Flight	3	NA	NA		GLDS-672_Amplicon_16S-17-VEG-05-F-tomato-SN-07-soil-3_S15_L001_R1_raw.fastq.gz	GLDS-672_Amplicon_16S-17-VEG-05-F-tomato-SN-07-soil-3_S15_L001_R2_raw.fastq.gz	VEG-05-F-tomato-SN-07-soil-3	2037
VEG-05-F-tomato-SN-07-wick_S11_L001	115	2.91190934386707	0.905784852141587	OSD-766	16S	Flight	SN07	wick	NA	Flight	NA	NA	NA		GLDS-672_Amplicon_16S-13-VEG-05-F-tomato-SN-07-wick_S11_L001_R1_raw.fastq.gz	GLDS-672_Amplicon_16S-13-VEG-05-F-tomato-SN-07-wick_S11_L001_R2_raw.fastq.gz	VEG-05-F-tomato-SN-07-wick	7951
VEG-05-F-tomato-SN-10-GMT66-2-fruit_S21_L001	23	2.83551318098559	0.924592182209911	OSD-766	16S	Flight	SN10	fruit	NA	Flight	NA	NA	NA		GLDS-672_Amplicon_16S-23-VEG-05-F-tomato-SN-10-GMT66-2-fruit_S21_L001_R1_raw.fastq.gz	GLDS-672_Amplicon_16S-23-VEG-05-F-tomato-SN-10-GMT66-2-fruit_S21_L001_R2_raw.fastq.gz	VEG-05-F-tomato-SN-10-GMT66-2-fruit	2541
VEG-05-F-tomato-SN-10-GMT83-2-fruit_S24_L001	12	2.42601513195981	0.90625	OSD-766	16S	Flight	SN10	fruit	NA	Flight	NA	NA	NA		GLDS-672_Amplicon_16S-26-VEG-05-F-tomato-SN-10-GMT83-2-fruit_S24_L001_R1_raw.fastq.gz	GLDS-672_Amplicon_16S-26-VEG-05-F-tomato-SN-10-GMT83-2-fruit_S24_L001_R2_raw.fastq.gz	VEG-05-F-tomato-SN-10-GMT83-2-fruit	19619
VEG-05-F-tomato-SN-10-root_S17_L001	107	3.15330048016354	0.930560345397585	OSD-766	16S	Flight	SN10	root	NA	Flight	NA	NA	NA		GLDS-672_Amplicon_16S-19-VEG-05-F-tomato-SN-10-root_S17_L001_R1_raw.fastq.gz	GLDS-672_Amplicon_16S-19-VEG-05-F-tomato-SN-10-root_S17_L001_R2_raw.fastq.gz	VEG-05-F-tomato-SN-10-root	24560
VEG-05-F-tomato-SN-10-soil-1_S18_L001	123	3.11581164249348	0.911895251476696	OSD-766	16S	Flight	SN10	soil	NA	Flight	1	NA	NA		GLDS-672_Amplicon_16S-20-VEG-05-F-tomato-SN-10-soil-1_S18_L001_R1_raw.fastq.gz	GLDS-672_Amplicon_16S-20-VEG-05-F-tomato-SN-10-soil-1_S18_L001_R2_raw.fastq.gz	VEG-05-F-tomato-SN-10-soil-1	71
VEG-05-F-tomato-SN-10-soil-2_S19_L001	121	3.07198746556037	0.914081480460198	OSD-766	16S	Flight	SN10	soil	NA	Flight	2	NA	NA		GLDS-672_Amplicon_16S-21-VEG-05-F-tomato-SN-10-soil-2_S19_L001_R1_raw.fastq.gz	GLDS-672_Amplicon_16S-21-VEG-05-F-tomato-SN-10-soil-2_S19_L001_R2_raw.fastq.gz	VEG-05-F-tomato-SN-10-soil-2	88
VEG-05-F-tomato-SN-10-soil-3_S20_L001	129	3.19184541858192	0.928373404574389	OSD-766	16S	Flight	SN10	soil	NA	Flight	3	NA	NA		GLDS-672_Amplicon_16S-22-VEG-05-F-tomato-SN-10-soil-3_S20_L001_R1_raw.fastq.gz	GLDS-672_Amplicon_16S-22-VEG-05-F-tomato-SN-10-soil-3_S20_L001_R2_raw.fastq.gz	VEG-05-F-tomato-SN-10-soil-3	69
VEG-05-F-tomato-SN-10-wick_S16_L001	135	2.52215670068625	0.837280668408531	OSD-766	16S	Flight	SN10	wick	NA	Flight	NA	NA	NA		GLDS-672_Amplicon_16S-18-VEG-05-F-tomato-SN-10-wick_S16_L001_R1_raw.fastq.gz	GLDS-672_Amplicon_16S-18-VEG-05-F-tomato-SN-10-wick_S16_L001_R2_raw.fastq.gz	VEG-05-F-tomato-SN-10-wick	33156
VEG-05-F-water-Locker-1-root-mat_S32_L001	29	1.38646315546635	0.64169054138432	OSD-766	16S	Flight	NA	root	NA	Flight	NA	NA	NA		GLDS-672_Amplicon_16S-34-VEG-05-F-water-Locker-1-root-mat_S32_L001_R1_raw.fastq.gz	GLDS-672_Amplicon_16S-34-VEG-05-F-water-Locker-1-root-mat_S32_L001_R2_raw.fastq.gz	VEG-05-F-water-Locker-1-root-mat	110
VEG-05-F-water-Locker-3-root-mat_S33_L001	9	2.09472904752765	0.861111111111111	OSD-766	16S	Flight	NA	root	NA	Flight	NA	NA	NA		GLDS-672_Amplicon_16S-35-VEG-05-F-water-Locker-3-root-mat_S33_L001_R1_raw.fastq.gz	GLDS-672_Amplicon_16S-35-VEG-05-F-water-Locker-3-root-mat_S33_L001_R2_raw.fastq.gz	VEG-05-F-water-Locker-3-root-mat	58
VEG-05-F-water-SN-09_S34_L001	34	1.88641899274826	0.761620881278078	OSD-766	16S	Flight	SN09	water	NA	Flight	NA	NA	NA		GLDS-672_Amplicon_16S-36-VEG-05-F-water-SN-09_S34_L001_R1_raw.fastq.gz	GLDS-672_Amplicon_16S-36-VEG-05-F-water-SN-09_S34_L001_R2_raw.fastq.gz	VEG-05-F-water-SN-09	86
VEG-05-F-water-SN-10_S35_L001	41	2.38845238920622	0.866469354071381	OSD-766	16S	Flight	SN10	water	NA	Flight	NA	NA	NA		GLDS-672_Amplicon_16S-37-VEG-05-F-water-SN-10_S35_L001_R1_raw.fastq.gz	GLDS-672_Amplicon_16S-37-VEG-05-F-water-SN-10_S35_L001_R2_raw.fastq.gz	VEG-05-F-water-SN-10	68
VEG-05-G-SN-01-leaf-tom-red-rich_S125_L001	8	0.652701240998336	0.257488593533029	OSD-766	16S	Ground	SN01	leaf	Red	Ground_Red	NA	NA	NA		GLDS-672_Amplicon_16S-127-VEG-05-G-SN-01-leaf-tom-red-rich_S125_L001_R1_raw.fastq.gz	GLDS-672_Amplicon_16S-127-VEG-05-G-SN-01-leaf-tom-red-rich_S125_L001_R2_raw.fastq.gz	VEG-05-G-SN-01-leaf-tom-red-rich	68
VEG-05-G-SN-02-AdvRoots-tom-blue_S137_L001	11	0.577832412312279	0.199859033596993	OSD-766	16S	Ground	SN02	AdvRoot	Blue	Ground_Blue	NA	NA	NA		GLDS-672_Amplicon_16S-139-VEG-05-G-SN-02-AdvRoots-tom-blue_S137_L001_R1_raw.fastq.gz	GLDS-672_Amplicon_16S-139-VEG-05-G-SN-02-AdvRoots-tom-blue_S137_L001_R2_raw.fastq.gz	VEG-05-G-SN-02-AdvRoots-tom-blue	89
VEG-05-G-SN-02-leaf-tom-red-rich_S126_L001	12	0.931717113067049	0.34478305785124	OSD-766	16S	Ground	SN02	leaf	Red	Ground_Red	NA	NA	NA		GLDS-672_Amplicon_16S-128-VEG-05-G-SN-02-leaf-tom-red-rich_S126_L001_R1_raw.fastq.gz	GLDS-672_Amplicon_16S-128-VEG-05-G-SN-02-leaf-tom-red-rich_S126_L001_R2_raw.fastq.gz	VEG-05-G-SN-02-leaf-tom-red-rich	51
VEG-05-G-SN-03-leaf-tom-red-rich_S127_L001	16	1.44322910875528	0.526780088216761	OSD-766	16S	Ground	SN03	leaf	Red	Ground_Red	NA	NA	NA		GLDS-672_Amplicon_16S-129-VEG-05-G-SN-03-leaf-tom-red-rich_S127_L001_R1_raw.fastq.gz	GLDS-672_Amplicon_16S-129-VEG-05-G-SN-03-leaf-tom-red-rich_S127_L001_R2_raw.fastq.gz	VEG-05-G-SN-03-leaf-tom-red-rich	81
VEG-05-G-SN-04-AdvRoots-tom-blue_S138_L001	34	1.2502051172294	0.560150870575852	OSD-766	16S	Ground	SN04	AdvRoot	Blue	Ground_Blue	NA	NA	NA		GLDS-672_Amplicon_16S-140-VEG-05-G-SN-04-AdvRoots-tom-blue_S138_L001_R1_raw.fastq.gz	GLDS-672_Amplicon_16S-140-VEG-05-G-SN-04-AdvRoots-tom-blue_S138_L001_R2_raw.fastq.gz	VEG-05-G-SN-04-AdvRoots-tom-blue	73
VEG-05-G-SN-04-leaf-tom-red-rich_S128_L001	33	2.83033755965231	0.891735537190083	OSD-766	16S	Ground	SN04	leaf	Red	Ground_Red	NA	NA	NA		GLDS-672_Amplicon_16S-130-VEG-05-G-SN-04-leaf-tom-red-rich_S128_L001_R1_raw.fastq.gz	GLDS-672_Amplicon_16S-130-VEG-05-G-SN-04-leaf-tom-red-rich_S128_L001_R2_raw.fastq.gz	VEG-05-G-SN-04-leaf-tom-red-rich	113
VEG-05-G-SN-05-AdvRoots-tom-blue_S139_L001	10	0.83987853585574	0.317785467128028	OSD-766	16S	Ground	SN05	AdvRoot	Blue	Ground_Blue	NA	NA	NA		GLDS-672_Amplicon_16S-141-VEG-05-G-SN-05-AdvRoots-tom-blue_S139_L001_R1_raw.fastq.gz	GLDS-672_Amplicon_16S-141-VEG-05-G-SN-05-AdvRoots-tom-blue_S139_L001_R2_raw.fastq.gz	VEG-05-G-SN-05-AdvRoots-tom-blue	20608
VEG-05-G-SN-05-leaf-tom-red-rich_S129_L001	7	0.788064534841994	0.334720570749108	OSD-766	16S	Ground	SN05	leaf	Red	Ground_Red	NA	NA	NA		GLDS-672_Amplicon_16S-131-VEG-05-G-SN-05-leaf-tom-red-rich_S129_L001_R1_raw.fastq.gz	GLDS-672_Amplicon_16S-131-VEG-05-G-SN-05-leaf-tom-red-rich_S129_L001_R2_raw.fastq.gz	VEG-05-G-SN-05-leaf-tom-red-rich	2114
VEG-05-G-SN-06-leaf-tom-red-rich_S130_L001	15	1.00277194690077	0.35289345592212	OSD-766	16S	Ground	SN06	leaf	Red	Ground_Red	NA	NA	NA		GLDS-672_Amplicon_16S-132-VEG-05-G-SN-06-leaf-tom-red-rich_S130_L001_R1_raw.fastq.gz	GLDS-672_Amplicon_16S-132-VEG-05-G-SN-06-leaf-tom-red-rich_S130_L001_R2_raw.fastq.gz	VEG-05-G-SN-06-leaf-tom-red-rich	85
VEG-05-G-SN-07-AdvRoots-tom-blue_S140_L001	85	2.93647183667391	0.912679003561589	OSD-766	16S	Ground	SN07	AdvRoot	Blue	Ground_Blue	NA	NA	NA		GLDS-672_Amplicon_16S-142-VEG-05-G-SN-07-AdvRoots-tom-blue_S140_L001_R1_raw.fastq.gz	GLDS-672_Amplicon_16S-142-VEG-05-G-SN-07-AdvRoots-tom-blue_S140_L001_R2_raw.fastq.gz	VEG-05-G-SN-07-AdvRoots-tom-blue	13853
VEG-05-G-SN-07-leaf-tom-blue-rich_S131_L001	5	0.360628556296894	0.140138408304498	OSD-766	16S	Ground	SN07	leaf	Blue	Ground_Blue	NA	NA	NA		GLDS-672_Amplicon_16S-133-VEG-05-G-SN-07-leaf-tom-blue-rich_S131_L001_R1_raw.fastq.gz	GLDS-672_Amplicon_16S-133-VEG-05-G-SN-07-leaf-tom-blue-rich_S131_L001_R2_raw.fastq.gz	VEG-05-G-SN-07-leaf-tom-blue-rich	5
VEG-05-G-SN-08-leaf-tom-blue-rich_S132_L001	7	0.456532236458523	0.167387543252595	OSD-766	16S	Ground	SN08	leaf	Blue	Ground_Blue	NA	NA	NA		GLDS-672_Amplicon_16S-134-VEG-05-G-SN-08-leaf-tom-blue-rich_S132_L001_R1_raw.fastq.gz	GLDS-672_Amplicon_16S-134-VEG-05-G-SN-08-leaf-tom-blue-rich_S132_L001_R2_raw.fastq.gz	VEG-05-G-SN-08-leaf-tom-blue-rich	3718
VEG-05-G-SN-09-leaf-tom-blue-rich_S133_L001	13	1.07552455119355	0.394142153768464	OSD-766	16S	Ground	SN09	leaf	Blue	Ground_Blue	NA	NA	NA		GLDS-672_Amplicon_16S-135-VEG-05-G-SN-09-leaf-tom-blue-rich_S133_L001_R1_raw.fastq.gz	GLDS-672_Amplicon_16S-135-VEG-05-G-SN-09-leaf-tom-blue-rich_S133_L001_R2_raw.fastq.gz	VEG-05-G-SN-09-leaf-tom-blue-rich	26260
VEG-05-G-SN-10-AdvRoots-tom-blue_S142_L001	53	2.60325384862207	0.875933951429462	OSD-766	16S	Ground	SN10	AdvRoot	Blue	Ground_Blue	NA	NA	NA		GLDS-672_Amplicon_16S-144-VEG-05-G-SN-10-AdvRoots-tom-blue_S142_L001_R1_raw.fastq.gz	GLDS-672_Amplicon_16S-144-VEG-05-G-SN-10-AdvRoots-tom-blue_S142_L001_R2_raw.fastq.gz	VEG-05-G-SN-10-AdvRoots-tom-blue	32405
VEG-05-G-SN-10-leaf-tom-blue-rich_S134_L001	9	0.826562528233711	0.31757016532103	OSD-766	16S	Ground	SN10	leaf	Blue	Ground_Blue	NA	NA	NA		GLDS-672_Amplicon_16S-136-VEG-05-G-SN-10-leaf-tom-blue-rich_S134_L001_R1_raw.fastq.gz	GLDS-672_Amplicon_16S-136-VEG-05-G-SN-10-leaf-tom-blue-rich_S134_L001_R2_raw.fastq.gz	VEG-05-G-SN-10-leaf-tom-blue-rich	31307
VEG-05-G-SN-11-leaf-tom-blue-rich_S135_L001	13	1.01638449684055	0.371284865112026	OSD-766	16S	Ground	SN11	leaf	Blue	Ground_Blue	NA	NA	NA		GLDS-672_Amplicon_16S-137-VEG-05-G-SN-11-leaf-tom-blue-rich_S135_L001_R1_raw.fastq.gz	GLDS-672_Amplicon_16S-137-VEG-05-G-SN-11-leaf-tom-blue-rich_S135_L001_R2_raw.fastq.gz	VEG-05-G-SN-11-leaf-tom-blue-rich	38286
VEG-05-G-SN-12-leaf-tom-blue-rich_S136_L001	13	1.05042727875369	0.385438168511916	OSD-766	16S	Ground	SN12	leaf	Blue	Ground_Blue	NA	NA	NA		GLDS-672_Amplicon_16S-138-VEG-05-G-SN-12-leaf-tom-blue-rich_S136_L001_R1_raw.fastq.gz	GLDS-672_Amplicon_16S-138-VEG-05-G-SN-12-leaf-tom-blue-rich_S136_L001_R2_raw.fastq.gz	VEG-05-G-SN-12-leaf-tom-blue-rich	18764
VEG-05-G-SN09-AdvRoots-tom-blue-rich_S141_L001	5	1.6094379124341	0.8	OSD-766	16S	Ground	SN09	AdvRoot	Blue	Ground_Blue	NA	NA	NA		GLDS-672_Amplicon_16S-143-VEG-05-G-SN09-AdvRoots-tom-blue-rich_S141_L001_R1_raw.fastq.gz	GLDS-672_Amplicon_16S-143-VEG-05-G-SN09-AdvRoots-tom-blue-rich_S141_L001_R2_raw.fastq.gz	VEG-05-G-SN09-AdvRoots-tom-blue-rich	21800
VEG-05-G-tomato-Blue-Swab-1_S39_L001	23	2.06557938112634	0.787657414682835	OSD-766	16S	Ground	NA	swab	Blue	Ground_Blue	NA	NA	NA	chamber	GLDS-672_Amplicon_16S-41-VEG-05-G-tomato-Blue-Swab-1_S39_L001_R1_raw.fastq.gz	GLDS-672_Amplicon_16S-41-VEG-05-G-tomato-Blue-Swab-1_S39_L001_R2_raw.fastq.gz	VEG-05-G-tomato-Blue-Swab-1	34674
VEG-05-G-tomato-Blue-Swab-2_S40_L001	79	2.82909920161461	0.909532340586193	OSD-766	16S	Ground	NA	swab	Blue	Ground_Blue	NA	NA	NA	chamber	GLDS-672_Amplicon_16S-42-VEG-05-G-tomato-Blue-Swab-2_S40_L001_R1_raw.fastq.gz	GLDS-672_Amplicon_16S-42-VEG-05-G-tomato-Blue-Swab-2_S40_L001_R2_raw.fastq.gz	VEG-05-G-tomato-Blue-Swab-2	41915
VEG-05-G-tomato-Blue-Swab-3_S41_L001	45	2.34278650101844	0.827665474957399	OSD-766	16S	Ground	NA	swab	Blue	Ground_Blue	NA	NA	NA	chamber	GLDS-672_Amplicon_16S-43-VEG-05-G-tomato-Blue-Swab-3_S41_L001_R1_raw.fastq.gz	GLDS-672_Amplicon_16S-43-VEG-05-G-tomato-Blue-Swab-3_S41_L001_R2_raw.fastq.gz	VEG-05-G-tomato-Blue-Swab-3	34406
VEG-05-G-tomato-Blue-Swab-4_S42_L001	48	2.96620052533924	0.905243080918757	OSD-766	16S	Ground	NA	swab	Blue	Ground_Blue	NA	NA	NA	chamber	GLDS-672_Amplicon_16S-44-VEG-05-G-tomato-Blue-Swab-4_S42_L001_R1_raw.fastq.gz	GLDS-672_Amplicon_16S-44-VEG-05-G-tomato-Blue-Swab-4_S42_L001_R2_raw.fastq.gz	VEG-05-G-tomato-Blue-Swab-4	57
VEG-05-G-tomato-Blue-Swab-5_S43_L001	15	2.57505443700666	0.9140625	OSD-766	16S	Ground	NA	swab	Blue	Ground_Blue	NA	NA	NA	chamber	GLDS-672_Amplicon_16S-45-VEG-05-G-tomato-Blue-Swab-5_S43_L001_R1_raw.fastq.gz	GLDS-672_Amplicon_16S-45-VEG-05-G-tomato-Blue-Swab-5_S43_L001_R2_raw.fastq.gz	VEG-05-G-tomato-Blue-Swab-5	57
VEG-05-G-tomato-Blue-Swab-6_S44_L001	26	2.56018068929368	0.867092543388547	OSD-766	16S	Ground	NA	swab	Blue	Ground_Blue	NA	NA	NA	chamber	GLDS-672_Amplicon_16S-46-VEG-05-G-tomato-Blue-Swab-6_S44_L001_R1_raw.fastq.gz	GLDS-672_Amplicon_16S-46-VEG-05-G-tomato-Blue-Swab-6_S44_L001_R2_raw.fastq.gz	VEG-05-G-tomato-Blue-Swab-6	20
VEG-05-G-tomato-Blue-Swab-7_S45_L001	33	1.56547312462408	0.651141502352575	OSD-766	16S	Ground	NA	swab	Blue	Ground_Blue	NA	NA	NA	chamber	GLDS-672_Amplicon_16S-47-VEG-05-G-tomato-Blue-Swab-7_S45_L001_R1_raw.fastq.gz	GLDS-672_Amplicon_16S-47-VEG-05-G-tomato-Blue-Swab-7_S45_L001_R2_raw.fastq.gz	VEG-05-G-tomato-Blue-Swab-7	16
VEG-05-G-tomato-Blue-Swab-8_S46_L001	6	1.74786809746676	0.816326530612245	OSD-766	16S	Ground	NA	swab	Blue	Ground_Blue	NA	NA	NA	chamber	GLDS-672_Amplicon_16S-48-VEG-05-G-tomato-Blue-Swab-8_S46_L001_R1_raw.fastq.gz	GLDS-672_Amplicon_16S-48-VEG-05-G-tomato-Blue-Swab-8_S46_L001_R2_raw.fastq.gz	VEG-05-G-tomato-Blue-Swab-8	44
VEG-05-G-tomato-Hrvst-1-Fruit-1_S55_L001	1	0	0	OSD-766	16S	Ground	NA	fruit	NA	Ground	NA	1	1		GLDS-672_Amplicon_16S-57-VEG-05-G-tomato-Hrvst-1-Fruit-1_S55_L001_R1_raw.fastq.gz	GLDS-672_Amplicon_16S-57-VEG-05-G-tomato-Hrvst-1-Fruit-1_S55_L001_R2_raw.fastq.gz	VEG-05-G-tomato-Hrvst-1-Fruit-1	30421
VEG-05-G-tomato-Hrvst-1-Fruit-10_S63_L001	5	0.285218242616938	0.10445580715851	OSD-766	16S	Ground	NA	fruit	NA	Ground	NA	1	10		GLDS-672_Amplicon_16S-65-VEG-05-G-tomato-Hrvst-1-Fruit-10_S63_L001_R1_raw.fastq.gz	GLDS-672_Amplicon_16S-65-VEG-05-G-tomato-Hrvst-1-Fruit-10_S63_L001_R2_raw.fastq.gz	VEG-05-G-tomato-Hrvst-1-Fruit-10	1771
VEG-05-G-tomato-Hrvst-1-Fruit-2_S56_L001	6	0.252430539690962	0.0861461351711175	OSD-766	16S	Ground	NA	fruit	NA	Ground	NA	1	2		GLDS-672_Amplicon_16S-58-VEG-05-G-tomato-Hrvst-1-Fruit-2_S56_L001_R1_raw.fastq.gz	GLDS-672_Amplicon_16S-58-VEG-05-G-tomato-Hrvst-1-Fruit-2_S56_L001_R2_raw.fastq.gz	VEG-05-G-tomato-Hrvst-1-Fruit-2	30614
VEG-05-G-tomato-Hrvst-1-Fruit-3_S57_L001	4	0.237736010314165	0.0894674556213017	OSD-766	16S	Ground	NA	fruit	NA	Ground	NA	1	3		GLDS-672_Amplicon_16S-59-VEG-05-G-tomato-Hrvst-1-Fruit-3_S57_L001_R1_raw.fastq.gz	GLDS-672_Amplicon_16S-59-VEG-05-G-tomato-Hrvst-1-Fruit-3_S57_L001_R2_raw.fastq.gz	VEG-05-G-tomato-Hrvst-1-Fruit-3	18305
VEG-05-G-tomato-Hrvst-1-Fruit-4_S58_L001	2	0.0847660757148099	0.0327777777777778	OSD-766	16S	Ground	NA	fruit	NA	Ground	NA	1	4		GLDS-672_Amplicon_16S-60-VEG-05-G-tomato-Hrvst-1-Fruit-4_S58_L001_R1_raw.fastq.gz	GLDS-672_Amplicon_16S-60-VEG-05-G-tomato-Hrvst-1-Fruit-4_S58_L001_R2_raw.fastq.gz	VEG-05-G-tomato-Hrvst-1-Fruit-4	663
VEG-05-G-tomato-Hrvst-1-Fruit-5_S59_L001	4	0.246897140038036	0.0936524453694068	OSD-766	16S	Ground	NA	fruit	NA	Ground	NA	1	5		GLDS-672_Amplicon_16S-61-VEG-05-G-tomato-Hrvst-1-Fruit-5_S59_L001_R1_raw.fastq.gz	GLDS-672_Amplicon_16S-61-VEG-05-G-tomato-Hrvst-1-Fruit-5_S59_L001_R2_raw.fastq.gz	VEG-05-G-tomato-Hrvst-1-Fruit-5	28495
VEG-05-G-tomato-Hrvst-1-Fruit-7_S60_L001	1	0	0	OSD-766	16S	Ground	NA	fruit	NA	Ground	NA	1	7		GLDS-672_Amplicon_16S-62-VEG-05-G-tomato-Hrvst-1-Fruit-7_S60_L001_R1_raw.fastq.gz	GLDS-672_Amplicon_16S-62-VEG-05-G-tomato-Hrvst-1-Fruit-7_S60_L001_R2_raw.fastq.gz	VEG-05-G-tomato-Hrvst-1-Fruit-7	24512
VEG-05-G-tomato-Hrvst-1-Fruit-8_S61_L001	4	0.348780384918029	0.1425	OSD-766	16S	Ground	NA	fruit	NA	Ground	NA	1	8		GLDS-672_Amplicon_16S-63-VEG-05-G-tomato-Hrvst-1-Fruit-8_S61_L001_R1_raw.fastq.gz	GLDS-672_Amplicon_16S-63-VEG-05-G-tomato-Hrvst-1-Fruit-8_S61_L001_R2_raw.fastq.gz	VEG-05-G-tomato-Hrvst-1-Fruit-8	26295
VEG-05-G-tomato-Hrvst-1-Fruit-9_S62_L001	2	0.098039113279732	0.0392000000000001	OSD-766	16S	Ground	NA	fruit	NA	Ground	NA	1	9		GLDS-672_Amplicon_16S-64-VEG-05-G-tomato-Hrvst-1-Fruit-9_S62_L001_R1_raw.fastq.gz	GLDS-672_Amplicon_16S-64-VEG-05-G-tomato-Hrvst-1-Fruit-9_S62_L001_R2_raw.fastq.gz	VEG-05-G-tomato-Hrvst-1-Fruit-9	12
VEG-05-G-tomato-Hrvst-2-Fruit-1_S64_L001	4	0.115540704891627	0.0377297253438273	OSD-766	16S	Ground	NA	fruit	NA	Ground	NA	2	1		GLDS-672_Amplicon_16S-66-VEG-05-G-tomato-Hrvst-2-Fruit-1_S64_L001_R1_raw.fastq.gz	GLDS-672_Amplicon_16S-66-VEG-05-G-tomato-Hrvst-2-Fruit-1_S64_L001_R2_raw.fastq.gz	VEG-05-G-tomato-Hrvst-2-Fruit-1	8975
VEG-05-G-tomato-Hrvst-2-Fruit-10_S72_L001	3	0.0823421415435624	0.0273008323424495	OSD-766	16S	Ground	NA	fruit	NA	Ground	NA	2	10		GLDS-672_Amplicon_16S-74-VEG-05-G-tomato-Hrvst-2-Fruit-10_S72_L001_R1_raw.fastq.gz	GLDS-672_Amplicon_16S-74-VEG-05-G-tomato-Hrvst-2-Fruit-10_S72_L001_R2_raw.fastq.gz	VEG-05-G-tomato-Hrvst-2-Fruit-10	9221
VEG-05-G-tomato-Hrvst-2-Fruit-11_S73_L001	3	0.287364304680956	0.12641975308642	OSD-766	16S	Ground	NA	fruit	NA	Ground	NA	2	11		GLDS-672_Amplicon_16S-75-VEG-05-G-tomato-Hrvst-2-Fruit-11_S73_L001_R1_raw.fastq.gz	GLDS-672_Amplicon_16S-75-VEG-05-G-tomato-Hrvst-2-Fruit-11_S73_L001_R2_raw.fastq.gz	VEG-05-G-tomato-Hrvst-2-Fruit-11	15049
VEG-05-G-tomato-Hrvst-2-Fruit-12_S74_L001	4	0.245414409278608	0.0938825525497219	OSD-766	16S	Ground	NA	fruit	NA	Ground	NA	2	12		GLDS-672_Amplicon_16S-76-VEG-05-G-tomato-Hrvst-2-Fruit-12_S74_L001_R1_raw.fastq.gz	GLDS-672_Amplicon_16S-76-VEG-05-G-tomato-Hrvst-2-Fruit-12_S74_L001_R2_raw.fastq.gz	VEG-05-G-tomato-Hrvst-2-Fruit-12	27450
VEG-05-G-tomato-Hrvst-2-Fruit-2_S65_L001	6	0.224454801328675	0.0765244136870434	OSD-766	16S	Ground	NA	fruit	NA	Ground	NA	2	2		GLDS-672_Amplicon_16S-67-VEG-05-G-tomato-Hrvst-2-Fruit-2_S65_L001_R1_raw.fastq.gz	GLDS-672_Amplicon_16S-67-VEG-05-G-tomato-Hrvst-2-Fruit-2_S65_L001_R2_raw.fastq.gz	VEG-05-G-tomato-Hrvst-2-Fruit-2	33522
VEG-05-G-tomato-Hrvst-2-Fruit-3_S66_L001	4	0.0925096904907754	0.0293278463648835	OSD-766	16S	Ground	NA	fruit	NA	Ground	NA	2	3		GLDS-672_Amplicon_16S-68-VEG-05-G-tomato-Hrvst-2-Fruit-3_S66_L001_R1_raw.fastq.gz	GLDS-672_Amplicon_16S-68-VEG-05-G-tomato-Hrvst-2-Fruit-3_S66_L001_R2_raw.fastq.gz	VEG-05-G-tomato-Hrvst-2-Fruit-3	28961
VEG-05-G-tomato-Hrvst-2-Fruit-4_S67_L001	4	0.355698010631699	0.145956607495069	OSD-766	16S	Ground	NA	fruit	NA	Ground	NA	2	4		GLDS-672_Amplicon_16S-69-VEG-05-G-tomato-Hrvst-2-Fruit-4_S67_L001_R1_raw.fastq.gz	GLDS-672_Amplicon_16S-69-VEG-05-G-tomato-Hrvst-2-Fruit-4_S67_L001_R2_raw.fastq.gz	VEG-05-G-tomato-Hrvst-2-Fruit-4	217
VEG-05-G-tomato-Hrvst-2-Fruit-5_S68_L001	4	0.0848235169724647	0.0261988394884434	OSD-766	16S	Ground	NA	fruit	NA	Ground	NA	2	5		GLDS-672_Amplicon_16S-70-VEG-05-G-tomato-Hrvst-2-Fruit-5_S68_L001_R1_raw.fastq.gz	GLDS-672_Amplicon_16S-70-VEG-05-G-tomato-Hrvst-2-Fruit-5_S68_L001_R2_raw.fastq.gz	VEG-05-G-tomato-Hrvst-2-Fruit-5	23010
VEG-05-G-tomato-Hrvst-2-Fruit-6_S69_L001	5	0.496572245715783	0.206447187928669	OSD-766	16S	Ground	NA	fruit	NA	Ground	NA	2	6		GLDS-672_Amplicon_16S-71-VEG-05-G-tomato-Hrvst-2-Fruit-6_S69_L001_R1_raw.fastq.gz	GLDS-672_Amplicon_16S-71-VEG-05-G-tomato-Hrvst-2-Fruit-6_S69_L001_R2_raw.fastq.gz	VEG-05-G-tomato-Hrvst-2-Fruit-6	1730
VEG-05-G-tomato-Hrvst-2-Fruit-7_S70_L001	9	0.359084546335187	0.126719602653335	OSD-766	16S	Ground	NA	fruit	NA	Ground	NA	2	7		GLDS-672_Amplicon_16S-72-VEG-05-G-tomato-Hrvst-2-Fruit-7_S70_L001_R1_raw.fastq.gz	GLDS-672_Amplicon_16S-72-VEG-05-G-tomato-Hrvst-2-Fruit-7_S70_L001_R2_raw.fastq.gz	VEG-05-G-tomato-Hrvst-2-Fruit-7	888
VEG-05-G-tomato-Hrvst-2-Fruit-9_S71_L001	3	0.139933117955955	0.0515927977839334	OSD-766	16S	Ground	NA	fruit	NA	Ground	NA	2	9		GLDS-672_Amplicon_16S-73-VEG-05-G-tomato-Hrvst-2-Fruit-9_S71_L001_R1_raw.fastq.gz	GLDS-672_Amplicon_16S-73-VEG-05-G-tomato-Hrvst-2-Fruit-9_S71_L001_R2_raw.fastq.gz	VEG-05-G-tomato-Hrvst-2-Fruit-9	32
VEG-05-G-tomato-Hrvst-3-Fruit-1_S75_L001	3	0.130281794200603	0.047321817390042	OSD-766	16S	Ground	NA	fruit	NA	Ground	NA	3	1		GLDS-672_Amplicon_16S-77-VEG-05-G-tomato-Hrvst-3-Fruit-1_S75_L001_R1_raw.fastq.gz	GLDS-672_Amplicon_16S-77-VEG-05-G-tomato-Hrvst-3-Fruit-1_S75_L001_R2_raw.fastq.gz	VEG-05-G-tomato-Hrvst-3-Fruit-1	133
VEG-05-G-tomato-Hrvst-3-Fruit-10_S82_L001	10	0.471470724282415	0.161183431952663	OSD-766	16S	Ground	NA	fruit	NA	Ground	NA	3	10		GLDS-672_Amplicon_16S-84-VEG-05-G-tomato-Hrvst-3-Fruit-10_S82_L001_R1_raw.fastq.gz	GLDS-672_Amplicon_16S-84-VEG-05-G-tomato-Hrvst-3-Fruit-10_S82_L001_R2_raw.fastq.gz	VEG-05-G-tomato-Hrvst-3-Fruit-10	1071
VEG-05-G-tomato-Hrvst-3-Fruit-11_S83_L001	24	1.57077560869446	0.559039792387543	OSD-766	16S	Ground	NA	fruit	NA	Ground	NA	3	11		GLDS-672_Amplicon_16S-85-VEG-05-G-tomato-Hrvst-3-Fruit-11_S83_L001_R1_raw.fastq.gz	GLDS-672_Amplicon_16S-85-VEG-05-G-tomato-Hrvst-3-Fruit-11_S83_L001_R2_raw.fastq.gz	VEG-05-G-tomato-Hrvst-3-Fruit-11	7
VEG-05-G-tomato-Hrvst-3-Fruit-12_S84_L001	17	1.03550952782824	0.365072179467834	OSD-766	16S	Ground	NA	fruit	NA	Ground	NA	3	12		GLDS-672_Amplicon_16S-86-VEG-05-G-tomato-Hrvst-3-Fruit-12_S84_L001_R1_raw.fastq.gz	GLDS-672_Amplicon_16S-86-VEG-05-G-tomato-Hrvst-3-Fruit-12_S84_L001_R2_raw.fastq.gz	VEG-05-G-tomato-Hrvst-3-Fruit-12	34791
VEG-05-G-tomato-Hrvst-3-Fruit-2_S76_L001	7	0.389045216438361	0.138481637392945	OSD-766	16S	Ground	NA	fruit	NA	Ground	NA	3	2		GLDS-672_Amplicon_16S-78-VEG-05-G-tomato-Hrvst-3-Fruit-2_S76_L001_R1_raw.fastq.gz	GLDS-672_Amplicon_16S-78-VEG-05-G-tomato-Hrvst-3-Fruit-2_S76_L001_R2_raw.fastq.gz	VEG-05-G-tomato-Hrvst-3-Fruit-2	1
VEG-05-G-tomato-Hrvst-3-Fruit-3_S77_L001	3	0.236354147792377	0.102670828997572	OSD-766	16S	Ground	NA	fruit	NA	Ground	NA	3	3		GLDS-672_Amplicon_16S-79-VEG-05-G-tomato-Hrvst-3-Fruit-3_S77_L001_R1_raw.fastq.gz	GLDS-672_Amplicon_16S-79-VEG-05-G-tomato-Hrvst-3-Fruit-3_S77_L001_R2_raw.fastq.gz	VEG-05-G-tomato-Hrvst-3-Fruit-3	808
VEG-05-G-tomato-Hrvst-3-Fruit-4_S78_L001	4	0.0627416623209248	0.0184042066758118	OSD-766	16S	Ground	NA	fruit	NA	Ground	NA	3	4		GLDS-672_Amplicon_16S-80-VEG-05-G-tomato-Hrvst-3-Fruit-4_S78_L001_R1_raw.fastq.gz	GLDS-672_Amplicon_16S-80-VEG-05-G-tomato-Hrvst-3-Fruit-4_S78_L001_R2_raw.fastq.gz	VEG-05-G-tomato-Hrvst-3-Fruit-4	328
VEG-05-G-tomato-Hrvst-3-Fruit-5_S79_L001	4	0.22661066439807	0.0844360428481411	OSD-766	16S	Ground	NA	fruit	NA	Ground	NA	3	5		GLDS-672_Amplicon_16S-81-VEG-05-G-tomato-Hrvst-3-Fruit-5_S79_L001_R1_raw.fastq.gz	GLDS-672_Amplicon_16S-81-VEG-05-G-tomato-Hrvst-3-Fruit-5_S79_L001_R2_raw.fastq.gz	VEG-05-G-tomato-Hrvst-3-Fruit-5	33
VEG-05-G-tomato-Hrvst-3-Fruit-7_S80_L001	5	0.191784675612883	0.0675530898853077	OSD-766	16S	Ground	NA	fruit	NA	Ground	NA	3	7		GLDS-672_Amplicon_16S-82-VEG-05-G-tomato-Hrvst-3-Fruit-7_S80_L001_R1_raw.fastq.gz	GLDS-672_Amplicon_16S-82-VEG-05-G-tomato-Hrvst-3-Fruit-7_S80_L001_R2_raw.fastq.gz	VEG-05-G-tomato-Hrvst-3-Fruit-7	110
VEG-05-G-tomato-Hrvst-3-Fruit-8_S81_L001	3	0.225272506923884	0.0967248239975513	OSD-766	16S	Ground	NA	fruit	NA	Ground	NA	3	8		GLDS-672_Amplicon_16S-83-VEG-05-G-tomato-Hrvst-3-Fruit-8_S81_L001_R1_raw.fastq.gz	GLDS-672_Amplicon_16S-83-VEG-05-G-tomato-Hrvst-3-Fruit-8_S81_L001_R2_raw.fastq.gz	VEG-05-G-tomato-Hrvst-3-Fruit-8	105
VEG-05-G-tomato-Red-Swab-2_S48_L001	1	0	0	OSD-766	16S	Ground	NA	swab	Red	Ground_Red	NA	NA	NA	chamber	GLDS-672_Amplicon_16S-50-VEG-05-G-tomato-Red-Swab-2_S48_L001_R1_raw.fastq.gz	GLDS-672_Amplicon_16S-50-VEG-05-G-tomato-Red-Swab-2_S48_L001_R2_raw.fastq.gz	VEG-05-G-tomato-Red-Swab-2	1
VEG-05-G-tomato-Red-Swab-4_S50_L001	46	3.46352888104688	0.960279629448093	OSD-766	16S	Ground	NA	swab	Red	Ground_Red	NA	NA	NA	chamber	GLDS-672_Amplicon_16S-52-VEG-05-G-tomato-Red-Swab-4_S50_L001_R1_raw.fastq.gz	GLDS-672_Amplicon_16S-52-VEG-05-G-tomato-Red-Swab-4_S50_L001_R2_raw.fastq.gz	VEG-05-G-tomato-Red-Swab-4	113
VEG-05-G-tomato-Red-Swab-5_S51_L001	23	2.6706659127877	0.907476948245092	OSD-766	16S	Ground	NA	swab	Red	Ground_Red	NA	NA	NA	chamber	GLDS-672_Amplicon_16S-53-VEG-05-G-tomato-Red-Swab-5_S51_L001_R1_raw.fastq.gz	GLDS-672_Amplicon_16S-53-VEG-05-G-tomato-Red-Swab-5_S51_L001_R2_raw.fastq.gz	VEG-05-G-tomato-Red-Swab-5	65
VEG-05-G-tomato-Red-Swab-6_S52_L001	10	2.16218269923467	0.872359963269054	OSD-766	16S	Ground	NA	swab	Red	Ground_Red	NA	NA	NA	chamber	GLDS-672_Amplicon_16S-54-VEG-05-G-tomato-Red-Swab-6_S52_L001_R1_raw.fastq.gz	GLDS-672_Amplicon_16S-54-VEG-05-G-tomato-Red-Swab-6_S52_L001_R2_raw.fastq.gz	VEG-05-G-tomato-Red-Swab-6	60
VEG-05-G-tomato-Red-Swab-7_S53_L001	24	2.93195297647406	0.937851239669422	OSD-766	16S	Ground	NA	swab	Red	Ground_Red	NA	NA	NA	chamber	GLDS-672_Amplicon_16S-55-VEG-05-G-tomato-Red-Swab-7_S53_L001_R1_raw.fastq.gz	GLDS-672_Amplicon_16S-55-VEG-05-G-tomato-Red-Swab-7_S53_L001_R2_raw.fastq.gz	VEG-05-G-tomato-Red-Swab-7	62
VEG-05-G-tomato-Red-Swab-8_S54_L001	9	1.86284083282	0.811609977324263	OSD-766	16S	Ground	NA	swab	Red	Ground_Red	NA	NA	NA	chamber	GLDS-672_Amplicon_16S-56-VEG-05-G-tomato-Red-Swab-8_S54_L001_R1_raw.fastq.gz	GLDS-672_Amplicon_16S-56-VEG-05-G-tomato-Red-Swab-8_S54_L001_R2_raw.fastq.gz	VEG-05-G-tomato-Red-Swab-8	41
VEG-05-G-tomato-SN-01-root_S86_L001	115	3.50305713930803	0.940100900740616	OSD-766	16S	Ground	SN01	root	NA	Ground	NA	NA	NA		GLDS-672_Amplicon_16S-88-VEG-05-G-tomato-SN-01-root_S86_L001_R1_raw.fastq.gz	GLDS-672_Amplicon_16S-88-VEG-05-G-tomato-SN-01-root_S86_L001_R2_raw.fastq.gz	VEG-05-G-tomato-SN-01-root	40
VEG-05-G-tomato-SN-01-soil-1_S87_L001	141	3.52154881929747	0.940498815389816	OSD-766	16S	Ground	SN01	soil	NA	Ground	1	NA	NA		GLDS-672_Amplicon_16S-89-VEG-05-G-tomato-SN-01-soil-1_S87_L001_R1_raw.fastq.gz	GLDS-672_Amplicon_16S-89-VEG-05-G-tomato-SN-01-soil-1_S87_L001_R2_raw.fastq.gz	VEG-05-G-tomato-SN-01-soil-1	50
VEG-05-G-tomato-SN-01-soil-2_S88_L001	138	3.31954633033524	0.921049757525519	OSD-766	16S	Ground	SN01	soil	NA	Ground	2	NA	NA		GLDS-672_Amplicon_16S-90-VEG-05-G-tomato-SN-01-soil-2_S88_L001_R1_raw.fastq.gz	GLDS-672_Amplicon_16S-90-VEG-05-G-tomato-SN-01-soil-2_S88_L001_R2_raw.fastq.gz	VEG-05-G-tomato-SN-01-soil-2	74
VEG-05-G-tomato-SN-01-soil-3_S89_L001	145	3.38329700984051	0.931217032166731	OSD-766	16S	Ground	SN01	soil	NA	Ground	3	NA	NA		GLDS-672_Amplicon_16S-91-VEG-05-G-tomato-SN-01-soil-3_S89_L001_R1_raw.fastq.gz	GLDS-672_Amplicon_16S-91-VEG-05-G-tomato-SN-01-soil-3_S89_L001_R2_raw.fastq.gz	VEG-05-G-tomato-SN-01-soil-3	157
VEG-05-G-tomato-SN-01-wick_S85_L001	95	2.32469056439229	0.796804911813663	OSD-766	16S	Ground	SN01	wick	NA	Ground	NA	NA	NA		GLDS-672_Amplicon_16S-87-VEG-05-G-tomato-SN-01-wick_S85_L001_R1_raw.fastq.gz	GLDS-672_Amplicon_16S-87-VEG-05-G-tomato-SN-01-wick_S85_L001_R2_raw.fastq.gz	VEG-05-G-tomato-SN-01-wick	255
VEG-05-G-tomato-SN-03-root_S91_L001	113	3.26578613109319	0.929195007366302	OSD-766	16S	Ground	SN03	root	NA	Ground	NA	NA	NA		GLDS-672_Amplicon_16S-93-VEG-05-G-tomato-SN-03-root_S91_L001_R1_raw.fastq.gz	GLDS-672_Amplicon_16S-93-VEG-05-G-tomato-SN-03-root_S91_L001_R2_raw.fastq.gz	VEG-05-G-tomato-SN-03-root	270
VEG-05-G-tomato-SN-03-soil-1_S92_L001	130	3.36126570664683	0.929330563121717	OSD-766	16S	Ground	SN03	soil	NA	Ground	1	NA	NA		GLDS-672_Amplicon_16S-94-VEG-05-G-tomato-SN-03-soil-1_S92_L001_R1_raw.fastq.gz	GLDS-672_Amplicon_16S-94-VEG-05-G-tomato-SN-03-soil-1_S92_L001_R2_raw.fastq.gz	VEG-05-G-tomato-SN-03-soil-1	39
VEG-05-G-tomato-SN-03-soil-2_S93_L001	133	3.33871983311865	0.923802333050056	OSD-766	16S	Ground	SN03	soil	NA	Ground	2	NA	NA		GLDS-672_Amplicon_16S-95-VEG-05-G-tomato-SN-03-soil-2_S93_L001_R1_raw.fastq.gz	GLDS-672_Amplicon_16S-95-VEG-05-G-tomato-SN-03-soil-2_S93_L001_R2_raw.fastq.gz	VEG-05-G-tomato-SN-03-soil-2	31055
VEG-05-G-tomato-SN-03-soil-3_S94_L001	139	3.40292718844292	0.936064991786602	OSD-766	16S	Ground	SN03	soil	NA	Ground	3	NA	NA		GLDS-672_Amplicon_16S-96-VEG-05-G-tomato-SN-03-soil-3_S94_L001_R1_raw.fastq.gz	GLDS-672_Amplicon_16S-96-VEG-05-G-tomato-SN-03-soil-3_S94_L001_R2_raw.fastq.gz	VEG-05-G-tomato-SN-03-soil-3	227
VEG-05-G-tomato-SN-03-wick_S90_L001	83	2.04102305967651	0.757643008848608	OSD-766	16S	Ground	SN03	wick	NA	Ground	NA	NA	NA		GLDS-672_Amplicon_16S-92-VEG-05-G-tomato-SN-03-wick_S90_L001_R1_raw.fastq.gz	GLDS-672_Amplicon_16S-92-VEG-05-G-tomato-SN-03-wick_S90_L001_R2_raw.fastq.gz	VEG-05-G-tomato-SN-03-wick	54
VEG-05-G-tomato-SN-07-root_S96_L001	132	3.73665529422324	0.964696632282827	OSD-766	16S	Ground	SN07	root	NA	Ground	NA	NA	NA		GLDS-672_Amplicon_16S-98-VEG-05-G-tomato-SN-07-root_S96_L001_R1_raw.fastq.gz	GLDS-672_Amplicon_16S-98-VEG-05-G-tomato-SN-07-root_S96_L001_R2_raw.fastq.gz	VEG-05-G-tomato-SN-07-root	303
VEG-05-G-tomato-SN-07-soil-1_S97_L001	39	3.26354976765416	0.940952380952381	OSD-766	16S	Ground	SN07	soil	NA	Ground	1	NA	NA		GLDS-672_Amplicon_16S-99-VEG-05-G-tomato-SN-07-soil-1_S97_L001_R1_raw.fastq.gz	GLDS-672_Amplicon_16S-99-VEG-05-G-tomato-SN-07-soil-1_S97_L001_R2_raw.fastq.gz	VEG-05-G-tomato-SN-07-soil-1	76
VEG-05-G-tomato-SN-07-soil-2_S98_L001	71	3.71426484990295	0.963836926081719	OSD-766	16S	Ground	SN07	soil	NA	Ground	2	NA	NA		GLDS-672_Amplicon_16S-100-VEG-05-G-tomato-SN-07-soil-2_S98_L001_R1_raw.fastq.gz	GLDS-672_Amplicon_16S-100-VEG-05-G-tomato-SN-07-soil-2_S98_L001_R2_raw.fastq.gz	VEG-05-G-tomato-SN-07-soil-2	145
VEG-05-G-tomato-SN-07-soil-3_S99_L001	38	3.29829566032668	0.953510802469136	OSD-766	16S	Ground	SN07	soil	NA	Ground	3	NA	NA		GLDS-672_Amplicon_16S-101-VEG-05-G-tomato-SN-07-soil-3_S99_L001_R1_raw.fastq.gz	GLDS-672_Amplicon_16S-101-VEG-05-G-tomato-SN-07-soil-3_S99_L001_R2_raw.fastq.gz	VEG-05-G-tomato-SN-07-soil-3	45
VEG-05-G-tomato-SN-07-wick_S95_L001	124	3.56115522309904	0.959504554955127	OSD-766	16S	Ground	SN07	wick	NA	Ground	NA	NA	NA		GLDS-672_Amplicon_16S-97-VEG-05-G-tomato-SN-07-wick_S95_L001_R1_raw.fastq.gz	GLDS-672_Amplicon_16S-97-VEG-05-G-tomato-SN-07-wick_S95_L001_R2_raw.fastq.gz	VEG-05-G-tomato-SN-07-wick	103
VEG-05-G-tomato-SN-10-root_S101_L001	117	3.46780680832527	0.944961569411719	OSD-766	16S	Ground	SN10	root	NA	Ground	NA	NA	NA		GLDS-672_Amplicon_16S-103-VEG-05-G-tomato-SN-10-root_S101_L001_R1_raw.fastq.gz	GLDS-672_Amplicon_16S-103-VEG-05-G-tomato-SN-10-root_S101_L001_R2_raw.fastq.gz	VEG-05-G-tomato-SN-10-root	83
VEG-05-G-tomato-SN-10-soil-1_S102_L001	30	2.81835049899176	0.891663776159094	OSD-766	16S	Ground	SN10	soil	NA	Ground	1	NA	NA		GLDS-672_Amplicon_16S-104-VEG-05-G-tomato-SN-10-soil-1_S102_L001_R1_raw.fastq.gz	GLDS-672_Amplicon_16S-104-VEG-05-G-tomato-SN-10-soil-1_S102_L001_R2_raw.fastq.gz	VEG-05-G-tomato-SN-10-soil-1	83
VEG-05-G-tomato-SN-10-soil-2_S103_L001	68	3.44662469316203	0.942368631820873	OSD-766	16S	Ground	SN10	soil	NA	Ground	2	NA	NA		GLDS-672_Amplicon_16S-105-VEG-05-G-tomato-SN-10-soil-2_S103_L001_R1_raw.fastq.gz	GLDS-672_Amplicon_16S-105-VEG-05-G-tomato-SN-10-soil-2_S103_L001_R2_raw.fastq.gz	VEG-05-G-tomato-SN-10-soil-2	93
VEG-05-G-tomato-SN-10-soil-3_S104_L001	44	3.51461828378884	0.96387313589582	OSD-766	16S	Ground	SN10	soil	NA	Ground	3	NA	NA		GLDS-672_Amplicon_16S-106-VEG-05-G-tomato-SN-10-soil-3_S104_L001_R1_raw.fastq.gz	GLDS-672_Amplicon_16S-106-VEG-05-G-tomato-SN-10-soil-3_S104_L001_R2_raw.fastq.gz	VEG-05-G-tomato-SN-10-soil-3	21960
VEG-05-G-tomato-SN-10-wick_S100_L001	110	3.32512228436	0.94723071613701	OSD-766	16S	Ground	SN10	wick	NA	Ground	NA	NA	NA		GLDS-672_Amplicon_16S-102-VEG-05-G-tomato-SN-10-wick_S100_L001_R1_raw.fastq.gz	GLDS-672_Amplicon_16S-102-VEG-05-G-tomato-SN-10-wick_S100_L001_R2_raw.fastq.gz	VEG-05-G-tomato-SN-10-wick	324
VEG-05-G-water-SN-003-red-rich_S106_L001	120	2.22282072933887	0.710711369837868	OSD-766	16S	Ground	SN003	water	Red	Ground_Red	NA	NA	NA		GLDS-672_Amplicon_16S-108-VEG-05-G-water-SN-003-red-rich_S106_L001_R1_raw.fastq.gz	GLDS-672_Amplicon_16S-108-VEG-05-G-water-SN-003-red-rich_S106_L001_R2_raw.fastq.gz	VEG-05-G-water-SN-003-red-rich	69
VEG-05-G-water-SN-006-blue-rich_S105_L001	128	2.95731459157442	0.894398503931095	OSD-766	16S	Ground	SN006	water	Blue	Ground_Blue	NA	NA	NA		GLDS-672_Amplicon_16S-107-VEG-05-G-water-SN-006-blue-rich_S105_L001_R1_raw.fastq.gz	GLDS-672_Amplicon_16S-107-VEG-05-G-water-SN-006-blue-rich_S105_L001_R2_raw.fastq.gz	VEG-05-G-water-SN-006-blue-rich	347
VEG-05F-SN01-AdvRoot-tom-red-rich_S116_L001	85	2.68628915957	0.891712457154909	OSD-766	16S	Flight	SN01	AdvRoot	Red	Flight_Red	NA	NA	NA		GLDS-672_Amplicon_16S-118-VEG-05F-SN01-AdvRoot-tom-red-rich_S116_L001_R1_raw.fastq.gz	GLDS-672_Amplicon_16S-118-VEG-05F-SN01-AdvRoot-tom-red-rich_S116_L001_R2_raw.fastq.gz	VEG-05F-SN01-AdvRoot-tom-red-rich	99
VEG-05F-SN01-leaf-tom-red-rich_S107_L001	11	0.852808286649503	0.318740700133135	OSD-766	16S	Flight	SN01	leaf	Red	Flight_Red	NA	NA	NA		GLDS-672_Amplicon_16S-109-VEG-05F-SN01-leaf-tom-red-rich_S107_L001_R1_raw.fastq.gz	GLDS-672_Amplicon_16S-109-VEG-05F-SN01-leaf-tom-red-rich_S107_L001_R2_raw.fastq.gz	VEG-05F-SN01-leaf-tom-red-rich	130
VEG-05F-SN010-AdvRoot-tom-blue-rich_S123_L001	88	2.63095036712168	0.853102237306712	OSD-766	16S	Flight	SN010	AdvRoot	Blue	Flight_Blue	NA	NA	NA		GLDS-672_Amplicon_16S-125-VEG-05F-SN010-AdvRoot-tom-blue-rich_S123_L001_R1_raw.fastq.gz	GLDS-672_Amplicon_16S-125-VEG-05F-SN010-AdvRoot-tom-blue-rich_S123_L001_R2_raw.fastq.gz	VEG-05F-SN010-AdvRoot-tom-blue-rich	136
VEG-05F-SN010-leaf-tom-blue-rich_S114_L001	37	2.63595356420417	0.870861630783092	OSD-766	16S	Flight	SN010	leaf	Blue	Flight_Blue	NA	NA	NA		GLDS-672_Amplicon_16S-116-VEG-05F-SN010-leaf-tom-blue-rich_S114_L001_R1_raw.fastq.gz	GLDS-672_Amplicon_16S-116-VEG-05F-SN010-leaf-tom-blue-rich_S114_L001_R2_raw.fastq.gz	VEG-05F-SN010-leaf-tom-blue-rich	141
VEG-05F-SN012-AdvRoot-tom-blue-rich_S124_L001	104	2.6846763914488	0.880517293286931	OSD-766	16S	Flight	SN012	AdvRoot	Blue	Flight_Blue	NA	NA	NA		GLDS-672_Amplicon_16S-126-VEG-05F-SN012-AdvRoot-tom-blue-rich_S124_L001_R1_raw.fastq.gz	GLDS-672_Amplicon_16S-126-VEG-05F-SN012-AdvRoot-tom-blue-rich_S124_L001_R2_raw.fastq.gz	VEG-05F-SN012-AdvRoot-tom-blue-rich	23283
VEG-05F-SN012-leaf-tom-blue-rich_S115_L001	27	2.38703017294267	0.874357729217251	OSD-766	16S	Flight	SN012	leaf	Blue	Flight_Blue	NA	NA	NA		GLDS-672_Amplicon_16S-117-VEG-05F-SN012-leaf-tom-blue-rich_S115_L001_R1_raw.fastq.gz	GLDS-672_Amplicon_16S-117-VEG-05F-SN012-leaf-tom-blue-rich_S115_L001_R2_raw.fastq.gz	VEG-05F-SN012-leaf-tom-blue-rich	13438
VEG-05F-SN03-AdvRoot-tom-red-rich_S117_L001	90	2.55358122715912	0.86022602496984	OSD-766	16S	Flight	SN03	AdvRoot	Red	Flight_Red	NA	NA	NA		GLDS-672_Amplicon_16S-119-VEG-05F-SN03-AdvRoot-tom-red-rich_S117_L001_R1_raw.fastq.gz	GLDS-672_Amplicon_16S-119-VEG-05F-SN03-AdvRoot-tom-red-rich_S117_L001_R2_raw.fastq.gz	VEG-05F-SN03-AdvRoot-tom-red-rich	22215
VEG-05F-SN03-leaf-tom-red-rich_S108_L001	19	1.52185720522032	0.663540196712962	OSD-766	16S	Flight	SN03	leaf	Red	Flight_Red	NA	NA	NA		GLDS-672_Amplicon_16S-110-VEG-05F-SN03-leaf-tom-red-rich_S108_L001_R1_raw.fastq.gz	GLDS-672_Amplicon_16S-110-VEG-05F-SN03-leaf-tom-red-rich_S108_L001_R2_raw.fastq.gz	VEG-05F-SN03-leaf-tom-red-rich	38064
VEG-05F-SN04-AdvRoot-tom-red-rich_S118_L001	83	2.25971080019549	0.779201394892816	OSD-766	16S	Flight	SN04	AdvRoot	Red	Flight_Red	NA	NA	NA		GLDS-672_Amplicon_16S-120-VEG-05F-SN04-AdvRoot-tom-red-rich_S118_L001_R1_raw.fastq.gz	GLDS-672_Amplicon_16S-120-VEG-05F-SN04-AdvRoot-tom-red-rich_S118_L001_R2_raw.fastq.gz	VEG-05F-SN04-AdvRoot-tom-red-rich	31175
VEG-05F-SN04-leaf-tom-red-rich_S109_L001	14	1.09025126787903	0.424447086801427	OSD-766	16S	Flight	SN04	leaf	Red	Flight_Red	NA	NA	NA		GLDS-672_Amplicon_16S-111-VEG-05F-SN04-leaf-tom-red-rich_S109_L001_R1_raw.fastq.gz	GLDS-672_Amplicon_16S-111-VEG-05F-SN04-leaf-tom-red-rich_S109_L001_R2_raw.fastq.gz	VEG-05F-SN04-leaf-tom-red-rich	31653
VEG-05F-SN05-AdvRoot-tom-red-rich_S119_L001	72	2.37994542735203	0.814358707949103	OSD-766	16S	Flight	SN05	AdvRoot	Red	Flight_Red	NA	NA	NA		GLDS-672_Amplicon_16S-121-VEG-05F-SN05-AdvRoot-tom-red-rich_S119_L001_R1_raw.fastq.gz	GLDS-672_Amplicon_16S-121-VEG-05F-SN05-AdvRoot-tom-red-rich_S119_L001_R2_raw.fastq.gz	VEG-05F-SN05-AdvRoot-tom-red-rich	23218
VEG-05F-SN05-leaf-tom-red-rich_S110_L001	31	1.49808811824356	0.627979215207402	OSD-766	16S	Flight	SN05	leaf	Red	Flight_Red	NA	NA	NA		GLDS-672_Amplicon_16S-112-VEG-05F-SN05-leaf-tom-red-rich_S110_L001_R1_raw.fastq.gz	GLDS-672_Amplicon_16S-112-VEG-05F-SN05-leaf-tom-red-rich_S110_L001_R2_raw.fastq.gz	VEG-05F-SN05-leaf-tom-red-rich	16596
VEG-05F-SN06-AdvRoot-tom-red-rich_S120_L001	28	1.50645350748636	0.64927125064076	OSD-766	16S	Flight	SN06	AdvRoot	Red	Flight_Red	NA	NA	NA		GLDS-672_Amplicon_16S-122-VEG-05F-SN06-AdvRoot-tom-red-rich_S120_L001_R1_raw.fastq.gz	GLDS-672_Amplicon_16S-122-VEG-05F-SN06-AdvRoot-tom-red-rich_S120_L001_R2_raw.fastq.gz	VEG-05F-SN06-AdvRoot-tom-red-rich	20456
VEG-05F-SN06-leaf-tom-red-rich_S111_L001	14	1.11692815012143	0.406361474435196	OSD-766	16S	Flight	SN06	leaf	Red	Flight_Red	NA	NA	NA		GLDS-672_Amplicon_16S-113-VEG-05F-SN06-leaf-tom-red-rich_S111_L001_R1_raw.fastq.gz	GLDS-672_Amplicon_16S-113-VEG-05F-SN06-leaf-tom-red-rich_S111_L001_R2_raw.fastq.gz	VEG-05F-SN06-leaf-tom-red-rich	25314
VEG-05F-SN07-AdvRoot-tom-blue-rich_S121_L001	36	1.30200060608968	0.62650350805298	OSD-766	16S	Flight	SN07	AdvRoot	Blue	Flight_Blue	NA	NA	NA		GLDS-672_Amplicon_16S-123-VEG-05F-SN07-AdvRoot-tom-blue-rich_S121_L001_R1_raw.fastq.gz	GLDS-672_Amplicon_16S-123-VEG-05F-SN07-AdvRoot-tom-blue-rich_S121_L001_R2_raw.fastq.gz	VEG-05F-SN07-AdvRoot-tom-blue-rich	31657
VEG-05F-SN07-leaf-tom-blue-rich_S112_L001	21	1.91382652319824	0.775157644259369	OSD-766	16S	Flight	SN07	leaf	Blue	Flight_Blue	NA	NA	NA		GLDS-672_Amplicon_16S-114-VEG-05F-SN07-leaf-tom-blue-rich_S112_L001_R1_raw.fastq.gz	GLDS-672_Amplicon_16S-114-VEG-05F-SN07-leaf-tom-blue-rich_S112_L001_R2_raw.fastq.gz	VEG-05F-SN07-leaf-tom-blue-rich	21615
VEG-05F-SN08-AdvRoot-tom-blue-rich_S122_L001	38	1.89934449247084	0.775347272073686	OSD-766	16S	Flight	SN08	AdvRoot	Blue	Flight_Blue	NA	NA	NA		GLDS-672_Amplicon_16S-124-VEG-05F-SN08-AdvRoot-tom-blue-rich_S122_L001_R1_raw.fastq.gz	GLDS-672_Amplicon_16S-124-VEG-05F-SN08-AdvRoot-tom-blue-rich_S122_L001_R2_raw.fastq.gz	VEG-05F-SN08-AdvRoot-tom-blue-rich	17239
VEG-05F-SN08-leaf-tom-blue-rich_S113_L001	18	1.77996145074771	0.715590450248358	OSD-766	16S	Flight	SN08	leaf	Blue	Flight_Blue	NA	NA	NA		GLDS-672_Amplicon_16S-115-VEG-05F-SN08-leaf-tom-blue-rich_S113_L001_R1_raw.fastq.gz	GLDS-672_Amplicon_16S-115-VEG-05F-SN08-leaf-tom-blue-rich_S113_L001_R2_raw.fastq.gz	VEG-05F-SN08-leaf-tom-blue-rich	105
VEG-05-F-swab-Locker-1-1_S26_L001	4	0.209274324957478	0.085550387796645	OSD-766	ITS	Flight	NA	swab	NA	Flight	NA	NA	NA	Locker-1-1	GLDS-672_Amplicon_ITS-28-VEG-05-F-swab-Locker-1-1_S26_L001_R1_raw.fastq.gz	GLDS-672_Amplicon_ITS-28-VEG-05-F-swab-Locker-1-1_S26_L001_R2_raw.fastq.gz	VEG-05-F-swab-Locker-1-1	3175
VEG-05-F-swab-Locker-1-2_S27_L001	9	1.11206893846332	0.59046316110349	OSD-766	ITS	Flight	NA	swab	NA	Flight	NA	NA	NA	Locker-1-2	GLDS-672_Amplicon_ITS-29-VEG-05-F-swab-Locker-1-2_S27_L001_R1_raw.fastq.gz	GLDS-672_Amplicon_ITS-29-VEG-05-F-swab-Locker-1-2_S27_L001_R2_raw.fastq.gz	VEG-05-F-swab-Locker-1-2	828
VEG-05-F-swab-Locker-1-3_S28_L001	12	1.33857457683661	0.653875171467764	OSD-766	ITS	Flight	NA	swab	NA	Flight	NA	NA	NA	Locker-1-3	GLDS-672_Amplicon_ITS-30-VEG-05-F-swab-Locker-1-3_S28_L001_R1_raw.fastq.gz	GLDS-672_Amplicon_ITS-30-VEG-05-F-swab-Locker-1-3_S28_L001_R2_raw.fastq.gz	VEG-05-F-swab-Locker-1-3	2478
VEG-05-F-swab-Locker-3-1_S29_L001	8	0.884742718737205	0.513111234385273	OSD-766	ITS	Flight	NA	swab	NA	Flight	NA	NA	NA	Locker-3-1	GLDS-672_Amplicon_ITS-31-VEG-05-F-swab-Locker-3-1_S29_L001_R1_raw.fastq.gz	GLDS-672_Amplicon_ITS-31-VEG-05-F-swab-Locker-3-1_S29_L001_R2_raw.fastq.gz	VEG-05-F-swab-Locker-3-1	1312
VEG-05-F-swab-Locker-3-2_S30_L001	10	1.06309271218004	0.529867150254364	OSD-766	ITS	Flight	NA	swab	NA	Flight	NA	NA	NA	Locker-3-2	GLDS-672_Amplicon_ITS-32-VEG-05-F-swab-Locker-3-2_S30_L001_R1_raw.fastq.gz	GLDS-672_Amplicon_ITS-32-VEG-05-F-swab-Locker-3-2_S30_L001_R2_raw.fastq.gz	VEG-05-F-swab-Locker-3-2	1683
VEG-05-F-swab-Locker-3-3_S31_L001	13	1.39716685673147	0.711578697076213	OSD-766	ITS	Flight	NA	swab	NA	Flight	NA	NA	NA	Locker-3-3	GLDS-672_Amplicon_ITS-33-VEG-05-F-swab-Locker-3-3_S31_L001_R1_raw.fastq.gz	GLDS-672_Amplicon_ITS-33-VEG-05-F-swab-Locker-3-3_S31_L001_R2_raw.fastq.gz	VEG-05-F-swab-Locker-3-3	1748
VEG-05-F-swab-SN-01-pillow-exterior_S36_L001	7	1.13391465734858	0.627991530110948	OSD-766	ITS	Flight	SN01	swab	NA	Flight	NA	NA	NA	pillow-exterior	GLDS-672_Amplicon_ITS-38-VEG-05-F-swab-SN-01-pillow-exterior_S36_L001_R1_raw.fastq.gz	GLDS-672_Amplicon_ITS-38-VEG-05-F-swab-SN-01-pillow-exterior_S36_L001_R2_raw.fastq.gz	VEG-05-F-swab-SN-01-pillow-exterior	69
VEG-05-F-swab-SN-03-pillow-exterior_S37_L001	6	0.636539741973592	0.342261342037437	OSD-766	ITS	Flight	SN03	swab	NA	Flight	NA	NA	NA	pillow-exterior	GLDS-672_Amplicon_ITS-39-VEG-05-F-swab-SN-03-pillow-exterior_S37_L001_R1_raw.fastq.gz	GLDS-672_Amplicon_ITS-39-VEG-05-F-swab-SN-03-pillow-exterior_S37_L001_R2_raw.fastq.gz	VEG-05-F-swab-SN-03-pillow-exterior	592
VEG-05-F-swab-SN-07-pillow-exterior_S38_L001	11	1.43418871843476	0.672823403214272	OSD-766	ITS	Flight	SN07	swab	NA	Flight	NA	NA	NA	pillow-exterior	GLDS-672_Amplicon_ITS-40-VEG-05-F-swab-SN-07-pillow-exterior_S38_L001_R1_raw.fastq.gz	GLDS-672_Amplicon_ITS-40-VEG-05-F-swab-SN-07-pillow-exterior_S38_L001_R2_raw.fastq.gz	VEG-05-F-swab-SN-07-pillow-exterior	990
VEG-05-F-tom-SN-07-GMT83-2-Rtwo-grn-frt_S23_L001	15	0.729784500974116	0.257355885661982	OSD-766	ITS	Flight	SN07	fruit	NA	Flight	NA	NA	NA		GLDS-672_Amplicon_ITS-25-VEG-05-F-tom-SN-07-GMT83-2-Rtwo-grn-frt_S23_L001_R1_raw.fastq.gz	GLDS-672_Amplicon_ITS-25-VEG-05-F-tom-SN-07-GMT83-2-Rtwo-grn-frt_S23_L001_R2_raw.fastq.gz	VEG-05-F-tom-SN-07-GMT83-2-Rtwo-grn-frt	371
VEG-05-F-tom-SN-12-GMT83-1-Rone-grn-frt_S25_L001	18	0.369533306193347	0.112946637440365	OSD-766	ITS	Flight	SN12	fruit	NA	Flight	NA	NA	NA		GLDS-672_Amplicon_ITS-27-VEG-05-F-tom-SN-12-GMT83-1-Rone-grn-frt_S25_L001_R1_raw.fastq.gz	GLDS-672_Amplicon_ITS-27-VEG-05-F-tom-SN-12-GMT83-1-Rone-grn-frt_S25_L001_R2_raw.fastq.gz	VEG-05-F-tom-SN-12-GMT83-1-Rone-grn-frt	940
VEG-05-F-tomato-SN-01-GMT83-4-fruit_S22_L001	7	1.19840182607282	0.631611828404831	OSD-766	ITS	Flight	SN01	fruit	NA	Flight	NA	NA	NA		GLDS-672_Amplicon_ITS-24-VEG-05-F-tomato-SN-01-GMT83-4-fruit_S22_L001_R1_raw.fastq.gz	GLDS-672_Amplicon_ITS-24-VEG-05-F-tomato-SN-01-GMT83-4-fruit_S22_L001_R2_raw.fastq.gz	VEG-05-F-tomato-SN-01-GMT83-4-fruit	998
VEG-05-F-tomato-SN-01-root_S2_L001	24	0.789303047584102	0.27048403953537	OSD-766	ITS	Flight	SN01	root	NA	Flight	NA	NA	NA		GLDS-672_Amplicon_ITS-2-VEG-05-F-tomato-SN-01-root_S2_L001_R1_raw.fastq.gz	GLDS-672_Amplicon_ITS-2-VEG-05-F-tomato-SN-01-root_S2_L001_R2_raw.fastq.gz	VEG-05-F-tomato-SN-01-root	819
VEG-05-F-tomato-SN-01-soil-2_S4_L001	16	1.55098408598937	0.703807606614367	OSD-766	ITS	Flight	SN01	soil	NA	Flight	2	NA	NA		GLDS-672_Amplicon_ITS-4-VEG-05-F-tomato-SN-01-soil-2_S4_L001_R1_raw.fastq.gz	GLDS-672_Amplicon_ITS-4-VEG-05-F-tomato-SN-01-soil-2_S4_L001_R2_raw.fastq.gz	VEG-05-F-tomato-SN-01-soil-2	482
VEG-05-F-tomato-SN-01-soil-3_S5_L001	28	1.50861717783586	0.693820198449438	OSD-766	ITS	Flight	SN01	soil	NA	Flight	3	NA	NA		GLDS-672_Amplicon_ITS-5-VEG-05-F-tomato-SN-01-soil-3_S5_L001_R1_raw.fastq.gz	GLDS-672_Amplicon_ITS-5-VEG-05-F-tomato-SN-01-soil-3_S5_L001_R2_raw.fastq.gz	VEG-05-F-tomato-SN-01-soil-3	1
VEG-05-F-tomato-SN-01-wick_S1_L001	11	0.871520043964112	0.42651660983322	OSD-766	ITS	Flight	SN01	wick	NA	Flight	NA	NA	NA		GLDS-672_Amplicon_ITS-1-VEG-05-F-tomato-SN-01-wick_S1_L001_R1_raw.fastq.gz	GLDS-672_Amplicon_ITS-1-VEG-05-F-tomato-SN-01-wick_S1_L001_R2_raw.fastq.gz	VEG-05-F-tomato-SN-01-wick	1
VEG-05-F-tomato-SN-03-soil-1_S8_L001	33	1.23011661781146	0.476787910320689	OSD-766	ITS	Flight	SN03	soil	NA	Flight	1	NA	NA		GLDS-672_Amplicon_ITS-9-VEG-05-F-tomato-SN-03-soil-1_S8_L001_R1_raw.fastq.gz	GLDS-672_Amplicon_ITS-9-VEG-05-F-tomato-SN-03-soil-1_S8_L001_R2_raw.fastq.gz	VEG-05-F-tomato-SN-03-soil-1	3824
VEG-05-F-tomato-SN-03-soil-2_S9_L001	30	1.44657242626555	0.577997736236552	OSD-766	ITS	Flight	SN03	soil	NA	Flight	2	NA	NA		GLDS-672_Amplicon_ITS-10-VEG-05-F-tomato-SN-03-soil-2_S9_L001_R1_raw.fastq.gz	GLDS-672_Amplicon_ITS-10-VEG-05-F-tomato-SN-03-soil-2_S9_L001_R2_raw.fastq.gz	VEG-05-F-tomato-SN-03-soil-2	3021
VEG-05-F-tomato-SN-03-soil-3_S10_L001	29	1.16914879539601	0.46668911335578	OSD-766	ITS	Flight	SN03	soil	NA	Flight	3	NA	NA		GLDS-672_Amplicon_ITS-11-VEG-05-F-tomato-SN-03-soil-3_S10_L001_R1_raw.fastq.gz	GLDS-672_Amplicon_ITS-11-VEG-05-F-tomato-SN-03-soil-3_S10_L001_R2_raw.fastq.gz	VEG-05-F-tomato-SN-03-soil-3	3001
VEG-05-F-tomato-SN-03-wick_S6_L001	15	1.17208877855374	0.567116038006262	OSD-766	ITS	Flight	SN03	wick	NA	Flight	NA	NA	NA		GLDS-672_Amplicon_ITS-7-VEG-05-F-tomato-SN-03-wick_S6_L001_R1_raw.fastq.gz	GLDS-672_Amplicon_ITS-7-VEG-05-F-tomato-SN-03-wick_S6_L001_R2_raw.fastq.gz	VEG-05-F-tomato-SN-03-wick	2268
VEG-05-F-tomato-SN-07-root_S12_L001	34	1.24227939464825	0.507843902994732	OSD-766	ITS	Flight	SN07	root	NA	Flight	NA	NA	NA		GLDS-672_Amplicon_ITS-14-VEG-05-F-tomato-SN-07-root_S12_L001_R1_raw.fastq.gz	GLDS-672_Amplicon_ITS-14-VEG-05-F-tomato-SN-07-root_S12_L001_R2_raw.fastq.gz	VEG-05-F-tomato-SN-07-root	862
VEG-05-F-tomato-SN-07-soil-1_S13_L001	32	1.20212725709533	0.475304637181149	OSD-766	ITS	Flight	SN07	soil	NA	Flight	1	NA	NA		GLDS-672_Amplicon_ITS-15-VEG-05-F-tomato-SN-07-soil-1_S13_L001_R1_raw.fastq.gz	GLDS-672_Amplicon_ITS-15-VEG-05-F-tomato-SN-07-soil-1_S13_L001_R2_raw.fastq.gz	VEG-05-F-tomato-SN-07-soil-1	1159
VEG-05-F-tomato-SN-07-soil-2_S14_L001	33	1.61484433406427	0.709294155107278	OSD-766	ITS	Flight	SN07	soil	NA	Flight	2	NA	NA		GLDS-672_Amplicon_ITS-16-VEG-05-F-tomato-SN-07-soil-2_S14_L001_R1_raw.fastq.gz	GLDS-672_Amplicon_ITS-16-VEG-05-F-tomato-SN-07-soil-2_S14_L001_R2_raw.fastq.gz	VEG-05-F-tomato-SN-07-soil-2	901
VEG-05-F-tomato-SN-07-soil-3_S15_L001	32	1.57724449395652	0.693297241946223	OSD-766	ITS	Flight	SN07	soil	NA	Flight	3	NA	NA		GLDS-672_Amplicon_ITS-17-VEG-05-F-tomato-SN-07-soil-3_S15_L001_R1_raw.fastq.gz	GLDS-672_Amplicon_ITS-17-VEG-05-F-tomato-SN-07-soil-3_S15_L001_R2_raw.fastq.gz	VEG-05-F-tomato-SN-07-soil-3	5297
VEG-05-F-tomato-SN-07-wick_S11_L001	11	0.484063031512559	0.183165005293103	OSD-766	ITS	Flight	SN07	wick	NA	Flight	NA	NA	NA		GLDS-672_Amplicon_ITS-13-VEG-05-F-tomato-SN-07-wick_S11_L001_R1_raw.fastq.gz	GLDS-672_Amplicon_ITS-13-VEG-05-F-tomato-SN-07-wick_S11_L001_R2_raw.fastq.gz	VEG-05-F-tomato-SN-07-wick	986
VEG-05-F-tomato-SN-10-GMT66-2-fruit_S21_L001	21	0.413094416292981	0.124127932690706	OSD-766	ITS	Flight	SN10	fruit	NA	Flight	NA	NA	NA		GLDS-672_Amplicon_ITS-23-VEG-05-F-tomato-SN-10-GMT66-2-fruit_S21_L001_R1_raw.fastq.gz	GLDS-672_Amplicon_ITS-23-VEG-05-F-tomato-SN-10-GMT66-2-fruit_S21_L001_R2_raw.fastq.gz	VEG-05-F-tomato-SN-10-GMT66-2-fruit	1113
VEG-05-F-tomato-SN-10-GMT83-2-fruit_S24_L001	8	1.19631568905397	0.557537323292377	OSD-766	ITS	Flight	SN10	fruit	NA	Flight	NA	NA	NA		GLDS-672_Amplicon_ITS-26-VEG-05-F-tomato-SN-10-GMT83-2-fruit_S24_L001_R1_raw.fastq.gz	GLDS-672_Amplicon_ITS-26-VEG-05-F-tomato-SN-10-GMT83-2-fruit_S24_L001_R2_raw.fastq.gz	VEG-05-F-tomato-SN-10-GMT83-2-fruit	1791
VEG-05-F-tomato-SN-10-root_S17_L001	30	0.889706260653084	0.330439168864825	OSD-766	ITS	Flight	SN10	root	NA	Flight	NA	NA	NA		GLDS-672_Amplicon_ITS-19-VEG-05-F-tomato-SN-10-root_S17_L001_R1_raw.fastq.gz	GLDS-672_Amplicon_ITS-19-VEG-05-F-tomato-SN-10-root_S17_L001_R2_raw.fastq.gz	VEG-05-F-tomato-SN-10-root	971
VEG-05-F-tomato-SN-10-soil-1_S18_L001	31	1.48918256615089	0.657667148855845	OSD-766	ITS	Flight	SN10	soil	NA	Flight	1	NA	NA		GLDS-672_Amplicon_ITS-20-VEG-05-F-tomato-SN-10-soil-1_S18_L001_R1_raw.fastq.gz	GLDS-672_Amplicon_ITS-20-VEG-05-F-tomato-SN-10-soil-1_S18_L001_R2_raw.fastq.gz	VEG-05-F-tomato-SN-10-soil-1	495
VEG-05-F-tomato-SN-10-soil-2_S19_L001	34	1.24141053410872	0.56825829855974	OSD-766	ITS	Flight	SN10	soil	NA	Flight	2	NA	NA		GLDS-672_Amplicon_ITS-21-VEG-05-F-tomato-SN-10-soil-2_S19_L001_R1_raw.fastq.gz	GLDS-672_Amplicon_ITS-21-VEG-05-F-tomato-SN-10-soil-2_S19_L001_R2_raw.fastq.gz	VEG-05-F-tomato-SN-10-soil-2	1471
VEG-05-F-tomato-SN-10-soil-3_S20_L001	32	1.50618956763756	0.676357857767629	OSD-766	ITS	Flight	SN10	soil	NA	Flight	3	NA	NA		GLDS-672_Amplicon_ITS-22-VEG-05-F-tomato-SN-10-soil-3_S20_L001_R1_raw.fastq.gz	GLDS-672_Amplicon_ITS-22-VEG-05-F-tomato-SN-10-soil-3_S20_L001_R2_raw.fastq.gz	VEG-05-F-tomato-SN-10-soil-3	1826
VEG-05-F-tomato-SN-10-wick_S16_L001	11	0.432774019163168	0.156539184593833	OSD-766	ITS	Flight	SN10	wick	NA	Flight	NA	NA	NA		GLDS-672_Amplicon_ITS-18-VEG-05-F-tomato-SN-10-wick_S16_L001_R1_raw.fastq.gz	GLDS-672_Amplicon_ITS-18-VEG-05-F-tomato-SN-10-wick_S16_L001_R2_raw.fastq.gz	VEG-05-F-tomato-SN-10-wick	1376
VEG-05-F-water-Locker-1-root-mat_S32_L001	2	0.500402423538188	0.32	OSD-766	ITS	Flight	NA	root	NA	Flight	NA	NA	NA		GLDS-672_Amplicon_ITS-34-VEG-05-F-water-Locker-1-root-mat_S32_L001_R1_raw.fastq.gz	GLDS-672_Amplicon_ITS-34-VEG-05-F-water-Locker-1-root-mat_S32_L001_R2_raw.fastq.gz	VEG-05-F-water-Locker-1-root-mat	1378
VEG-05-F-water-Locker-3-root-mat_S33_L001	3	1.09861228866811	0.666666666666667	OSD-766	ITS	Flight	NA	root	NA	Flight	NA	NA	NA		GLDS-672_Amplicon_ITS-35-VEG-05-F-water-Locker-3-root-mat_S33_L001_R1_raw.fastq.gz	GLDS-672_Amplicon_ITS-35-VEG-05-F-water-Locker-3-root-mat_S33_L001_R2_raw.fastq.gz	VEG-05-F-water-Locker-3-root-mat	1204
VEG-05-G-SN-01-leaf-tom-red-rich_S125_L001	19	0.475470942581537	0.14680961019805	OSD-766	ITS	Ground	SN01	leaf	Red	Ground_Red	NA	NA	NA		GLDS-672_Amplicon_ITS-127-VEG-05-G-SN-01-leaf-tom-red-rich_S125_L001_R1_raw.fastq.gz	GLDS-672_Amplicon_ITS-127-VEG-05-G-SN-01-leaf-tom-red-rich_S125_L001_R2_raw.fastq.gz	VEG-05-G-SN-01-leaf-tom-red-rich	1601
VEG-05-G-SN-02-leaf-tom-red-rich_S126_L001	22	0.47662189828424	0.145594257642295	OSD-766	ITS	Ground	SN02	leaf	Red	Ground_Red	NA	NA	NA		GLDS-672_Amplicon_ITS-128-VEG-05-G-SN-02-leaf-tom-red-rich_S126_L001_R1_raw.fastq.gz	GLDS-672_Amplicon_ITS-128-VEG-05-G-SN-02-leaf-tom-red-rich_S126_L001_R2_raw.fastq.gz	VEG-05-G-SN-02-leaf-tom-red-rich	1355
VEG-05-G-SN-03-leaf-tom-red-rich_S127_L001	18	0.371214087815639	0.111788480181719	OSD-766	ITS	Ground	SN03	leaf	Red	Ground_Red	NA	NA	NA		GLDS-672_Amplicon_ITS-129-VEG-05-G-SN-03-leaf-tom-red-rich_S127_L001_R1_raw.fastq.gz	GLDS-672_Amplicon_ITS-129-VEG-05-G-SN-03-leaf-tom-red-rich_S127_L001_R2_raw.fastq.gz	VEG-05-G-SN-03-leaf-tom-red-rich	813
VEG-05-G-SN-05-leaf-tom-red-rich_S129_L001	22	0.506025062854147	0.153108448790695	OSD-766	ITS	Ground	SN05	leaf	Red	Ground_Red	NA	NA	NA		GLDS-672_Amplicon_ITS-131-VEG-05-G-SN-05-leaf-tom-red-rich_S129_L001_R1_raw.fastq.gz	GLDS-672_Amplicon_ITS-131-VEG-05-G-SN-05-leaf-tom-red-rich_S129_L001_R2_raw.fastq.gz	VEG-05-G-SN-05-leaf-tom-red-rich	1644
VEG-05-G-SN-06-leaf-tom-red-rich_S130_L001	23	0.412571164228354	0.121899278637745	OSD-766	ITS	Ground	SN06	leaf	Red	Ground_Red	NA	NA	NA		GLDS-672_Amplicon_ITS-132-VEG-05-G-SN-06-leaf-tom-red-rich_S130_L001_R1_raw.fastq.gz	GLDS-672_Amplicon_ITS-132-VEG-05-G-SN-06-leaf-tom-red-rich_S130_L001_R2_raw.fastq.gz	VEG-05-G-SN-06-leaf-tom-red-rich	1
VEG-05-G-SN-07-leaf-tom-blue-rich_S131_L001	20	0.43590235062779	0.130972242403544	OSD-766	ITS	Ground	SN07	leaf	Blue	Ground_Blue	NA	NA	NA		GLDS-672_Amplicon_ITS-133-VEG-05-G-SN-07-leaf-tom-blue-rich_S131_L001_R1_raw.fastq.gz	GLDS-672_Amplicon_ITS-133-VEG-05-G-SN-07-leaf-tom-blue-rich_S131_L001_R2_raw.fastq.gz	VEG-05-G-SN-07-leaf-tom-blue-rich	1785
VEG-05-G-SN-08-leaf-tom-blue-rich_S132_L001	18	0.555498567245885	0.176528925619835	OSD-766	ITS	Ground	SN08	leaf	Blue	Ground_Blue	NA	NA	NA		GLDS-672_Amplicon_ITS-134-VEG-05-G-SN-08-leaf-tom-blue-rich_S132_L001_R1_raw.fastq.gz	GLDS-672_Amplicon_ITS-134-VEG-05-G-SN-08-leaf-tom-blue-rich_S132_L001_R2_raw.fastq.gz	VEG-05-G-SN-08-leaf-tom-blue-rich	1565
VEG-05-G-SN-09-leaf-tom-blue-rich_S133_L001	24	0.479558028996255	0.145993166780738	OSD-766	ITS	Ground	SN09	leaf	Blue	Ground_Blue	NA	NA	NA		GLDS-672_Amplicon_ITS-135-VEG-05-G-SN-09-leaf-tom-blue-rich_S133_L001_R1_raw.fastq.gz	GLDS-672_Amplicon_ITS-135-VEG-05-G-SN-09-leaf-tom-blue-rich_S133_L001_R2_raw.fastq.gz	VEG-05-G-SN-09-leaf-tom-blue-rich	1828
VEG-05-G-SN-10-leaf-tom-blue-rich_S134_L001	23	0.535804222804363	0.168809060797606	OSD-766	ITS	Ground	SN10	leaf	Blue	Ground_Blue	NA	NA	NA		GLDS-672_Amplicon_ITS-136-VEG-05-G-SN-10-leaf-tom-blue-rich_S134_L001_R1_raw.fastq.gz	GLDS-672_Amplicon_ITS-136-VEG-05-G-SN-10-leaf-tom-blue-rich_S134_L001_R2_raw.fastq.gz	VEG-05-G-SN-10-leaf-tom-blue-rich	2043
VEG-05-G-SN-11-leaf-tom-blue-rich_S135_L001	21	0.343928930758288	0.101633273053002	OSD-766	ITS	Ground	SN11	leaf	Blue	Ground_Blue	NA	NA	NA		GLDS-672_Amplicon_ITS-137-VEG-05-G-SN-11-leaf-tom-blue-rich_S135_L001_R1_raw.fastq.gz	GLDS-672_Amplicon_ITS-137-VEG-05-G-SN-11-leaf-tom-blue-rich_S135_L001_R2_raw.fastq.gz	VEG-05-G-SN-11-leaf-tom-blue-rich	3036
VEG-05-G-SN-12-leaf-tom-blue-rich_S136_L001	22	0.468791917287426	0.142130851594937	OSD-766	ITS	Ground	SN12	leaf	Blue	Ground_Blue	NA	NA	NA		GLDS-672_Amplicon_ITS-138-VEG-05-G-SN-12-leaf-tom-blue-rich_S136_L001_R1_raw.fastq.gz	GLDS-672_Amplicon_ITS-138-VEG-05-G-SN-12-leaf-tom-blue-rich_S136_L001_R2_raw.fastq.gz	VEG-05-G-SN-12-leaf-tom-blue-rich	1470
VEG-05-G-SN02-AdvRoots-tom-blue-rich_S137_L001	23	0.428195236808262	0.128104270372292	OSD-766	ITS	Ground	SN02	AdvRoot	Blue	Ground_Blue	NA	NA	NA		GLDS-672_Amplicon_ITS-139-VEG-05-G-SN02-AdvRoots-tom-blue-rich_S137_L001_R1_raw.fastq.gz	GLDS-672_Amplicon_ITS-139-VEG-05-G-SN02-AdvRoots-tom-blue-rich_S137_L001_R2_raw.fastq.gz	VEG-05-G-SN02-AdvRoots-tom-blue-rich	915
VEG-05-G-SN04-AdvRoots-tom-blue-rich_S138_L001	24	0.49525798668251	0.15246742282921	OSD-766	ITS	Ground	SN04	AdvRoot	Blue	Ground_Blue	NA	NA	NA		GLDS-672_Amplicon_ITS-140-VEG-05-G-SN04-AdvRoots-tom-blue-rich_S138_L001_R1_raw.fastq.gz	GLDS-672_Amplicon_ITS-140-VEG-05-G-SN04-AdvRoots-tom-blue-rich_S138_L001_R2_raw.fastq.gz	VEG-05-G-SN04-AdvRoots-tom-blue-rich	2569
VEG-05-G-SN04-leaf-tom-red-rich_S128_L001	21	0.4492173840637	0.138313673374505	OSD-766	ITS	Ground	SN04	leaf	Red	Ground_Red	NA	NA	NA		GLDS-672_Amplicon_ITS-130-VEG-05-G-SN04-leaf-tom-red-rich_S128_L001_R1_raw.fastq.gz	GLDS-672_Amplicon_ITS-130-VEG-05-G-SN04-leaf-tom-red-rich_S128_L001_R2_raw.fastq.gz	VEG-05-G-SN04-leaf-tom-red-rich	2276
VEG-05-G-SN05-AdvRoots-tom-blue-rich_S139_L001	18	0.382640138827476	0.118755947707079	OSD-766	ITS	Ground	SN05	AdvRoot	Blue	Ground_Blue	NA	NA	NA		GLDS-672_Amplicon_ITS-141-VEG-05-G-SN05-AdvRoots-tom-blue-rich_S139_L001_R1_raw.fastq.gz	GLDS-672_Amplicon_ITS-141-VEG-05-G-SN05-AdvRoots-tom-blue-rich_S139_L001_R2_raw.fastq.gz	VEG-05-G-SN05-AdvRoots-tom-blue-rich	1935
VEG-05-G-SN07-AdvRoots-tom-blue-rich_S140_L001	12	0.73636108574934	0.395498487458635	OSD-766	ITS	Ground	SN07	AdvRoot	Blue	Ground_Blue	NA	NA	NA		GLDS-672_Amplicon_ITS-142-VEG-05-G-SN07-AdvRoots-tom-blue-rich_S140_L001_R1_raw.fastq.gz	GLDS-672_Amplicon_ITS-142-VEG-05-G-SN07-AdvRoots-tom-blue-rich_S140_L001_R2_raw.fastq.gz	VEG-05-G-SN07-AdvRoots-tom-blue-rich	933
VEG-05-G-SN09-AdvRoots-tom-blue-rich_S141_L001	1	0	0	OSD-766	ITS	Ground	SN09	AdvRoot	Blue	Ground_Blue	NA	NA	NA		GLDS-672_Amplicon_ITS-143-VEG-05-G-SN09-AdvRoots-tom-blue-rich_S141_L001_R1_raw.fastq.gz	GLDS-672_Amplicon_ITS-143-VEG-05-G-SN09-AdvRoots-tom-blue-rich_S141_L001_R2_raw.fastq.gz	VEG-05-G-SN09-AdvRoots-tom-blue-rich	98
VEG-05-G-SN10-AdvRoots-tom-blue-rich_S142_L001	25	0.721822860296655	0.298299712041679	OSD-766	ITS	Ground	SN10	AdvRoot	Blue	Ground_Blue	NA	NA	NA		GLDS-672_Amplicon_ITS-144-VEG-05-G-SN10-AdvRoots-tom-blue-rich_S142_L001_R1_raw.fastq.gz	GLDS-672_Amplicon_ITS-144-VEG-05-G-SN10-AdvRoots-tom-blue-rich_S142_L001_R2_raw.fastq.gz	VEG-05-G-SN10-AdvRoots-tom-blue-rich	229
VEG-05-G-tomato-Blue-Swab-1_S39_L001	8	1.50364810820295	0.7190625	OSD-766	ITS	Ground	NA	swab	Blue	Ground_Blue	NA	NA	NA	chamber	GLDS-672_Amplicon_ITS-41-VEG-05-G-tomato-Blue-Swab-1_S39_L001_R1_raw.fastq.gz	GLDS-672_Amplicon_ITS-41-VEG-05-G-tomato-Blue-Swab-1_S39_L001_R2_raw.fastq.gz	VEG-05-G-tomato-Blue-Swab-1	87
VEG-05-G-tomato-Blue-Swab-2_S40_L001	6	1.02257142830204	0.532029136316337	OSD-766	ITS	Ground	NA	swab	Blue	Ground_Blue	NA	NA	NA	chamber	GLDS-672_Amplicon_ITS-42-VEG-05-G-tomato-Blue-Swab-2_S40_L001_R1_raw.fastq.gz	GLDS-672_Amplicon_ITS-42-VEG-05-G-tomato-Blue-Swab-2_S40_L001_R2_raw.fastq.gz	VEG-05-G-tomato-Blue-Swab-2	1165
VEG-05-G-tomato-Blue-Swab-3_S41_L001	8	0.316054016956152	0.107488341619455	OSD-766	ITS	Ground	NA	swab	Blue	Ground_Blue	NA	NA	NA	chamber	GLDS-672_Amplicon_ITS-43-VEG-05-G-tomato-Blue-Swab-3_S41_L001_R1_raw.fastq.gz	GLDS-672_Amplicon_ITS-43-VEG-05-G-tomato-Blue-Swab-3_S41_L001_R2_raw.fastq.gz	VEG-05-G-tomato-Blue-Swab-3	788
VEG-05-G-tomato-Blue-Swab-4_S42_L001	5	1.52295506753132	0.765432098765432	OSD-766	ITS	Ground	NA	swab	Blue	Ground_Blue	NA	NA	NA	chamber	GLDS-672_Amplicon_ITS-44-VEG-05-G-tomato-Blue-Swab-4_S42_L001_R1_raw.fastq.gz	GLDS-672_Amplicon_ITS-44-VEG-05-G-tomato-Blue-Swab-4_S42_L001_R2_raw.fastq.gz	VEG-05-G-tomato-Blue-Swab-4	2025
VEG-05-G-tomato-Blue-Swab-5_S43_L001	2	0.376770161256437	0.21875	OSD-766	ITS	Ground	NA	swab	Blue	Ground_Blue	NA	NA	NA	chamber	GLDS-672_Amplicon_ITS-45-VEG-05-G-tomato-Blue-Swab-5_S43_L001_R1_raw.fastq.gz	GLDS-672_Amplicon_ITS-45-VEG-05-G-tomato-Blue-Swab-5_S43_L001_R2_raw.fastq.gz	VEG-05-G-tomato-Blue-Swab-5	2700
VEG-05-G-tomato-Blue-Swab-6_S44_L001	5	1.50478828368119	0.76	OSD-766	ITS	Ground	NA	swab	Blue	Ground_Blue	NA	NA	NA	chamber	GLDS-672_Amplicon_ITS-46-VEG-05-G-tomato-Blue-Swab-6_S44_L001_R1_raw.fastq.gz	GLDS-672_Amplicon_ITS-46-VEG-05-G-tomato-Blue-Swab-6_S44_L001_R2_raw.fastq.gz	VEG-05-G-tomato-Blue-Swab-6	3120
VEG-05-G-tomato-Blue-Swab-7_S45_L001	4	1.2130075659799	0.65625	OSD-766	ITS	Ground	NA	swab	Blue	Ground_Blue	NA	NA	NA	chamber	GLDS-672_Amplicon_ITS-47-VEG-05-G-tomato-Blue-Swab-7_S45_L001_R1_raw.fastq.gz	GLDS-672_Amplicon_ITS-47-VEG-05-G-tomato-Blue-Swab-7_S45_L001_R2_raw.fastq.gz	VEG-05-G-tomato-Blue-Swab-7	3848
VEG-05-G-tomato-Hrvst-1-Fruit-1_S55_L001	21	0.434421237173096	0.135850353625487	OSD-766	ITS	Ground	NA	fruit	NA	Ground	NA	1	1		GLDS-672_Amplicon_ITS-57-VEG-05-G-tomato-Hrvst-1-Fruit-1_S55_L001_R1_raw.fastq.gz	GLDS-672_Amplicon_ITS-57-VEG-05-G-tomato-Hrvst-1-Fruit-1_S55_L001_R2_raw.fastq.gz	VEG-05-G-tomato-Hrvst-1-Fruit-1	3039
VEG-05-G-tomato-Hrvst-1-Fruit-10_S63_L001	19	0.374815535948974	0.112870765492196	OSD-766	ITS	Ground	NA	fruit	NA	Ground	NA	1	10		GLDS-672_Amplicon_ITS-65-VEG-05-G-tomato-Hrvst-1-Fruit-10_S63_L001_R1_raw.fastq.gz	GLDS-672_Amplicon_ITS-65-VEG-05-G-tomato-Hrvst-1-Fruit-10_S63_L001_R2_raw.fastq.gz	VEG-05-G-tomato-Hrvst-1-Fruit-10	5
VEG-05-G-tomato-Hrvst-1-Fruit-2_S56_L001	21	0.4203770754585	0.128194358948052	OSD-766	ITS	Ground	NA	fruit	NA	Ground	NA	1	2		GLDS-672_Amplicon_ITS-58-VEG-05-G-tomato-Hrvst-1-Fruit-2_S56_L001_R1_raw.fastq.gz	GLDS-672_Amplicon_ITS-58-VEG-05-G-tomato-Hrvst-1-Fruit-2_S56_L001_R2_raw.fastq.gz	VEG-05-G-tomato-Hrvst-1-Fruit-2	3
VEG-05-G-tomato-Hrvst-1-Fruit-3_S57_L001	19	0.462784103805242	0.142605242079032	OSD-766	ITS	Ground	NA	fruit	NA	Ground	NA	1	3		GLDS-672_Amplicon_ITS-59-VEG-05-G-tomato-Hrvst-1-Fruit-3_S57_L001_R1_raw.fastq.gz	GLDS-672_Amplicon_ITS-59-VEG-05-G-tomato-Hrvst-1-Fruit-3_S57_L001_R2_raw.fastq.gz	VEG-05-G-tomato-Hrvst-1-Fruit-3	1587
VEG-05-G-tomato-Hrvst-1-Fruit-4_S58_L001	22	0.38308711124764	0.115301152667532	OSD-766	ITS	Ground	NA	fruit	NA	Ground	NA	1	4		GLDS-672_Amplicon_ITS-60-VEG-05-G-tomato-Hrvst-1-Fruit-4_S58_L001_R1_raw.fastq.gz	GLDS-672_Amplicon_ITS-60-VEG-05-G-tomato-Hrvst-1-Fruit-4_S58_L001_R2_raw.fastq.gz	VEG-05-G-tomato-Hrvst-1-Fruit-4	1268
VEG-05-G-tomato-Hrvst-1-Fruit-5_S59_L001	20	0.368804259425936	0.10982706640443	OSD-766	ITS	Ground	NA	fruit	NA	Ground	NA	1	5		GLDS-672_Amplicon_ITS-61-VEG-05-G-tomato-Hrvst-1-Fruit-5_S59_L001_R1_raw.fastq.gz	GLDS-672_Amplicon_ITS-61-VEG-05-G-tomato-Hrvst-1-Fruit-5_S59_L001_R2_raw.fastq.gz	VEG-05-G-tomato-Hrvst-1-Fruit-5	807
VEG-05-G-tomato-Hrvst-1-Fruit-7_S60_L001	24	0.459651369661061	0.138408104312299	OSD-766	ITS	Ground	NA	fruit	NA	Ground	NA	1	7		GLDS-672_Amplicon_ITS-62-VEG-05-G-tomato-Hrvst-1-Fruit-7_S60_L001_R1_raw.fastq.gz	GLDS-672_Amplicon_ITS-62-VEG-05-G-tomato-Hrvst-1-Fruit-7_S60_L001_R2_raw.fastq.gz	VEG-05-G-tomato-Hrvst-1-Fruit-7	3260
VEG-05-G-tomato-Hrvst-1-Fruit-8_S61_L001	16	0.395262552212673	0.123196498896804	OSD-766	ITS	Ground	NA	fruit	NA	Ground	NA	1	8		GLDS-672_Amplicon_ITS-63-VEG-05-G-tomato-Hrvst-1-Fruit-8_S61_L001_R1_raw.fastq.gz	GLDS-672_Amplicon_ITS-63-VEG-05-G-tomato-Hrvst-1-Fruit-8_S61_L001_R2_raw.fastq.gz	VEG-05-G-tomato-Hrvst-1-Fruit-8	80
VEG-05-G-tomato-Hrvst-1-Fruit-9_S62_L001	19	0.419146371561842	0.130166861296373	OSD-766	ITS	Ground	NA	fruit	NA	Ground	NA	1	9		GLDS-672_Amplicon_ITS-64-VEG-05-G-tomato-Hrvst-1-Fruit-9_S62_L001_R1_raw.fastq.gz	GLDS-672_Amplicon_ITS-64-VEG-05-G-tomato-Hrvst-1-Fruit-9_S62_L001_R2_raw.fastq.gz	VEG-05-G-tomato-Hrvst-1-Fruit-9	155
VEG-05-G-tomato-Hrvst-2-Fruit-1_S64_L001	21	0.4474739782894	0.140008133762018	OSD-766	ITS	Ground	NA	fruit	NA	Ground	NA	2	1		GLDS-672_Amplicon_ITS-66-VEG-05-G-tomato-Hrvst-2-Fruit-1_S64_L001_R1_raw.fastq.gz	GLDS-672_Amplicon_ITS-66-VEG-05-G-tomato-Hrvst-2-Fruit-1_S64_L001_R2_raw.fastq.gz	VEG-05-G-tomato-Hrvst-2-Fruit-1	558
VEG-05-G-tomato-Hrvst-2-Fruit-10_S72_L001	22	0.456423828415972	0.13941115964282	OSD-766	ITS	Ground	NA	fruit	NA	Ground	NA	2	10		GLDS-672_Amplicon_ITS-74-VEG-05-G-tomato-Hrvst-2-Fruit-10_S72_L001_R1_raw.fastq.gz	GLDS-672_Amplicon_ITS-74-VEG-05-G-tomato-Hrvst-2-Fruit-10_S72_L001_R2_raw.fastq.gz	VEG-05-G-tomato-Hrvst-2-Fruit-10	9
VEG-05-G-tomato-Hrvst-2-Fruit-11_S73_L001	23	0.466422044899718	0.140736688442663	OSD-766	ITS	Ground	NA	fruit	NA	Ground	NA	2	11		GLDS-672_Amplicon_ITS-75-VEG-05-G-tomato-Hrvst-2-Fruit-11_S73_L001_R1_raw.fastq.gz	GLDS-672_Amplicon_ITS-75-VEG-05-G-tomato-Hrvst-2-Fruit-11_S73_L001_R2_raw.fastq.gz	VEG-05-G-tomato-Hrvst-2-Fruit-11	8
VEG-05-G-tomato-Hrvst-2-Fruit-12_S74_L001	22	0.370373016785769	0.108048211646994	OSD-766	ITS	Ground	NA	fruit	NA	Ground	NA	2	12		GLDS-672_Amplicon_ITS-76-VEG-05-G-tomato-Hrvst-2-Fruit-12_S74_L001_R1_raw.fastq.gz	GLDS-672_Amplicon_ITS-76-VEG-05-G-tomato-Hrvst-2-Fruit-12_S74_L001_R2_raw.fastq.gz	VEG-05-G-tomato-Hrvst-2-Fruit-12	10
VEG-05-G-tomato-Hrvst-2-Fruit-2_S65_L001	24	0.400418961618116	0.118025102545743	OSD-766	ITS	Ground	NA	fruit	NA	Ground	NA	2	2		GLDS-672_Amplicon_ITS-67-VEG-05-G-tomato-Hrvst-2-Fruit-2_S65_L001_R1_raw.fastq.gz	GLDS-672_Amplicon_ITS-67-VEG-05-G-tomato-Hrvst-2-Fruit-2_S65_L001_R2_raw.fastq.gz	VEG-05-G-tomato-Hrvst-2-Fruit-2	8
VEG-05-G-tomato-Hrvst-2-Fruit-3_S66_L001	22	0.481972402612879	0.144217417179131	OSD-766	ITS	Ground	NA	fruit	NA	Ground	NA	2	3		GLDS-672_Amplicon_ITS-68-VEG-05-G-tomato-Hrvst-2-Fruit-3_S66_L001_R1_raw.fastq.gz	GLDS-672_Amplicon_ITS-68-VEG-05-G-tomato-Hrvst-2-Fruit-3_S66_L001_R2_raw.fastq.gz	VEG-05-G-tomato-Hrvst-2-Fruit-3	1
VEG-05-G-tomato-Hrvst-2-Fruit-4_S67_L001	23	0.377606462582823	0.113051389111057	OSD-766	ITS	Ground	NA	fruit	NA	Ground	NA	2	4		GLDS-672_Amplicon_ITS-69-VEG-05-G-tomato-Hrvst-2-Fruit-4_S67_L001_R1_raw.fastq.gz	GLDS-672_Amplicon_ITS-69-VEG-05-G-tomato-Hrvst-2-Fruit-4_S67_L001_R2_raw.fastq.gz	VEG-05-G-tomato-Hrvst-2-Fruit-4	1308
VEG-05-G-tomato-Hrvst-2-Fruit-5_S68_L001	20	0.446869402625922	0.138746548309214	OSD-766	ITS	Ground	NA	fruit	NA	Ground	NA	2	5		GLDS-672_Amplicon_ITS-70-VEG-05-G-tomato-Hrvst-2-Fruit-5_S68_L001_R1_raw.fastq.gz	GLDS-672_Amplicon_ITS-70-VEG-05-G-tomato-Hrvst-2-Fruit-5_S68_L001_R2_raw.fastq.gz	VEG-05-G-tomato-Hrvst-2-Fruit-5	1217
VEG-05-G-tomato-Hrvst-2-Fruit-6_S69_L001	19	0.38522665915281	0.116594400311348	OSD-766	ITS	Ground	NA	fruit	NA	Ground	NA	2	6		GLDS-672_Amplicon_ITS-71-VEG-05-G-tomato-Hrvst-2-Fruit-6_S69_L001_R1_raw.fastq.gz	GLDS-672_Amplicon_ITS-71-VEG-05-G-tomato-Hrvst-2-Fruit-6_S69_L001_R2_raw.fastq.gz	VEG-05-G-tomato-Hrvst-2-Fruit-6	13
VEG-05-G-tomato-Hrvst-2-Fruit-7_S70_L001	19	0.400729100377578	0.121974515235457	OSD-766	ITS	Ground	NA	fruit	NA	Ground	NA	2	7		GLDS-672_Amplicon_ITS-72-VEG-05-G-tomato-Hrvst-2-Fruit-7_S70_L001_R1_raw.fastq.gz	GLDS-672_Amplicon_ITS-72-VEG-05-G-tomato-Hrvst-2-Fruit-7_S70_L001_R2_raw.fastq.gz	VEG-05-G-tomato-Hrvst-2-Fruit-7	1230
VEG-05-G-tomato-Hrvst-2-Fruit-9_S71_L001	19	0.458088229954188	0.144018447523083	OSD-766	ITS	Ground	NA	fruit	NA	Ground	NA	2	9		GLDS-672_Amplicon_ITS-73-VEG-05-G-tomato-Hrvst-2-Fruit-9_S71_L001_R1_raw.fastq.gz	GLDS-672_Amplicon_ITS-73-VEG-05-G-tomato-Hrvst-2-Fruit-9_S71_L001_R2_raw.fastq.gz	VEG-05-G-tomato-Hrvst-2-Fruit-9	1368
VEG-05-G-tomato-Hrvst-3-Fruit-1_S75_L001	21	0.405952447409114	0.121488127387061	OSD-766	ITS	Ground	NA	fruit	NA	Ground	NA	3	1		GLDS-672_Amplicon_ITS-77-VEG-05-G-tomato-Hrvst-3-Fruit-1_S75_L001_R1_raw.fastq.gz	GLDS-672_Amplicon_ITS-77-VEG-05-G-tomato-Hrvst-3-Fruit-1_S75_L001_R2_raw.fastq.gz	VEG-05-G-tomato-Hrvst-3-Fruit-1	848
VEG-05-G-tomato-Hrvst-3-Fruit-10_S82_L001	16	0.343760926150035	0.105995595579037	OSD-766	ITS	Ground	NA	fruit	NA	Ground	NA	3	10		GLDS-672_Amplicon_ITS-84-VEG-05-G-tomato-Hrvst-3-Fruit-10_S82_L001_R1_raw.fastq.gz	GLDS-672_Amplicon_ITS-84-VEG-05-G-tomato-Hrvst-3-Fruit-10_S82_L001_R2_raw.fastq.gz	VEG-05-G-tomato-Hrvst-3-Fruit-10	1023
VEG-05-G-tomato-Hrvst-3-Fruit-11_S83_L001	22	0.452699710378826	0.133902947845805	OSD-766	ITS	Ground	NA	fruit	NA	Ground	NA	3	11		GLDS-672_Amplicon_ITS-85-VEG-05-G-tomato-Hrvst-3-Fruit-11_S83_L001_R1_raw.fastq.gz	GLDS-672_Amplicon_ITS-85-VEG-05-G-tomato-Hrvst-3-Fruit-11_S83_L001_R2_raw.fastq.gz	VEG-05-G-tomato-Hrvst-3-Fruit-11	1112
VEG-05-G-tomato-Hrvst-3-Fruit-12_S84_L001	19	0.357611418711179	0.107341267139609	OSD-766	ITS	Ground	NA	fruit	NA	Ground	NA	3	12		GLDS-672_Amplicon_ITS-86-VEG-05-G-tomato-Hrvst-3-Fruit-12_S84_L001_R1_raw.fastq.gz	GLDS-672_Amplicon_ITS-86-VEG-05-G-tomato-Hrvst-3-Fruit-12_S84_L001_R2_raw.fastq.gz	VEG-05-G-tomato-Hrvst-3-Fruit-12	1416
VEG-05-G-tomato-Hrvst-3-Fruit-2_S76_L001	18	0.356184321631718	0.105865185950413	OSD-766	ITS	Ground	NA	fruit	NA	Ground	NA	3	2		GLDS-672_Amplicon_ITS-78-VEG-05-G-tomato-Hrvst-3-Fruit-2_S76_L001_R1_raw.fastq.gz	GLDS-672_Amplicon_ITS-78-VEG-05-G-tomato-Hrvst-3-Fruit-2_S76_L001_R2_raw.fastq.gz	VEG-05-G-tomato-Hrvst-3-Fruit-2	877
VEG-05-G-tomato-Hrvst-3-Fruit-3_S77_L001	22	0.408389928491641	0.122488510344174	OSD-766	ITS	Ground	NA	fruit	NA	Ground	NA	3	3		GLDS-672_Amplicon_ITS-79-VEG-05-G-tomato-Hrvst-3-Fruit-3_S77_L001_R1_raw.fastq.gz	GLDS-672_Amplicon_ITS-79-VEG-05-G-tomato-Hrvst-3-Fruit-3_S77_L001_R2_raw.fastq.gz	VEG-05-G-tomato-Hrvst-3-Fruit-3	1198
VEG-05-G-tomato-Hrvst-3-Fruit-4_S78_L001	22	0.507831256758723	0.155182699784817	OSD-766	ITS	Ground	NA	fruit	NA	Ground	NA	3	4		GLDS-672_Amplicon_ITS-80-VEG-05-G-tomato-Hrvst-3-Fruit-4_S78_L001_R1_raw.fastq.gz	GLDS-672_Amplicon_ITS-80-VEG-05-G-tomato-Hrvst-3-Fruit-4_S78_L001_R2_raw.fastq.gz	VEG-05-G-tomato-Hrvst-3-Fruit-4	1441
VEG-05-G-tomato-Hrvst-3-Fruit-5_S79_L001	20	0.402868172663002	0.122535592502258	OSD-766	ITS	Ground	NA	fruit	NA	Ground	NA	3	5		GLDS-672_Amplicon_ITS-81-VEG-05-G-tomato-Hrvst-3-Fruit-5_S79_L001_R1_raw.fastq.gz	GLDS-672_Amplicon_ITS-81-VEG-05-G-tomato-Hrvst-3-Fruit-5_S79_L001_R2_raw.fastq.gz	VEG-05-G-tomato-Hrvst-3-Fruit-5	1083
VEG-05-G-tomato-Hrvst-3-Fruit-7_S80_L001	23	0.456047356761614	0.142128660671699	OSD-766	ITS	Ground	NA	fruit	NA	Ground	NA	3	7		GLDS-672_Amplicon_ITS-82-VEG-05-G-tomato-Hrvst-3-Fruit-7_S80_L001_R1_raw.fastq.gz	GLDS-672_Amplicon_ITS-82-VEG-05-G-tomato-Hrvst-3-Fruit-7_S80_L001_R2_raw.fastq.gz	VEG-05-G-tomato-Hrvst-3-Fruit-7	1786
VEG-05-G-tomato-Hrvst-3-Fruit-8_S81_L001	21	0.403678077012761	0.121776893008465	OSD-766	ITS	Ground	NA	fruit	NA	Ground	NA	3	8		GLDS-672_Amplicon_ITS-83-VEG-05-G-tomato-Hrvst-3-Fruit-8_S81_L001_R1_raw.fastq.gz	GLDS-672_Amplicon_ITS-83-VEG-05-G-tomato-Hrvst-3-Fruit-8_S81_L001_R2_raw.fastq.gz	VEG-05-G-tomato-Hrvst-3-Fruit-8	1278
VEG-05-G-tomato-Red-Swab-1_S47_L001	1	0	0	OSD-766	ITS	Ground	NA	swab	Red	Ground_Red	NA	NA	NA	chamber	GLDS-672_Amplicon_ITS-49-VEG-05-G-tomato-Red-Swab-1_S47_L001_R1_raw.fastq.gz	GLDS-672_Amplicon_ITS-49-VEG-05-G-tomato-Red-Swab-1_S47_L001_R2_raw.fastq.gz	VEG-05-G-tomato-Red-Swab-1	1421
VEG-05-G-tomato-Red-Swab-2_S48_L001	6	0.200744909364322	0.0749367526191876	OSD-766	ITS	Ground	NA	swab	Red	Ground_Red	NA	NA	NA	chamber	GLDS-672_Amplicon_ITS-50-VEG-05-G-tomato-Red-Swab-2_S48_L001_R1_raw.fastq.gz	GLDS-672_Amplicon_ITS-50-VEG-05-G-tomato-Red-Swab-2_S48_L001_R2_raw.fastq.gz	VEG-05-G-tomato-Red-Swab-2	2473
VEG-05-G-tomato-Red-Swab-3_S49_L001	2	0.429323021930616	0.260355029585799	OSD-766	ITS	Ground	NA	swab	Red	Ground_Red	NA	NA	NA	chamber	GLDS-672_Amplicon_ITS-51-VEG-05-G-tomato-Red-Swab-3_S49_L001_R1_raw.fastq.gz	GLDS-672_Amplicon_ITS-51-VEG-05-G-tomato-Red-Swab-3_S49_L001_R2_raw.fastq.gz	VEG-05-G-tomato-Red-Swab-3	1315
VEG-05-G-tomato-SN-01-root_S86_L001	27	1.0278825157061	0.433529278293804	OSD-766	ITS	Ground	SN01	root	NA	Ground	NA	NA	NA		GLDS-672_Amplicon_ITS-88-VEG-05-G-tomato-SN-01-root_S86_L001_R1_raw.fastq.gz	GLDS-672_Amplicon_ITS-88-VEG-05-G-tomato-SN-01-root_S86_L001_R2_raw.fastq.gz	VEG-05-G-tomato-SN-01-root	1045
VEG-05-G-tomato-SN-01-soil-1_S87_L001	25	1.38581558838124	0.653079899042842	OSD-766	ITS	Ground	SN01	soil	NA	Ground	1	NA	NA		GLDS-672_Amplicon_ITS-89-VEG-05-G-tomato-SN-01-soil-1_S87_L001_R1_raw.fastq.gz	GLDS-672_Amplicon_ITS-89-VEG-05-G-tomato-SN-01-soil-1_S87_L001_R2_raw.fastq.gz	VEG-05-G-tomato-SN-01-soil-1	950
VEG-05-G-tomato-SN-01-soil-2_S88_L001	18	0.604847646246617	0.232265115425358	OSD-766	ITS	Ground	SN01	soil	NA	Ground	2	NA	NA		GLDS-672_Amplicon_ITS-90-VEG-05-G-tomato-SN-01-soil-2_S88_L001_R1_raw.fastq.gz	GLDS-672_Amplicon_ITS-90-VEG-05-G-tomato-SN-01-soil-2_S88_L001_R2_raw.fastq.gz	VEG-05-G-tomato-SN-01-soil-2	1171
VEG-05-G-tomato-SN-01-soil-3_S89_L001	24	1.28378029396607	0.59179743463507	OSD-766	ITS	Ground	SN01	soil	NA	Ground	3	NA	NA		GLDS-672_Amplicon_ITS-91-VEG-05-G-tomato-SN-01-soil-3_S89_L001_R1_raw.fastq.gz	GLDS-672_Amplicon_ITS-91-VEG-05-G-tomato-SN-01-soil-3_S89_L001_R2_raw.fastq.gz	VEG-05-G-tomato-SN-01-soil-3	1295
VEG-05-G-tomato-SN-01-wick_S85_L001	17	0.786730887812324	0.406960757656412	OSD-766	ITS	Ground	SN01	wick	NA	Ground	NA	NA	NA		GLDS-672_Amplicon_ITS-87-VEG-05-G-tomato-SN-01-wick_S85_L001_R1_raw.fastq.gz	GLDS-672_Amplicon_ITS-87-VEG-05-G-tomato-SN-01-wick_S85_L001_R2_raw.fastq.gz	VEG-05-G-tomato-SN-01-wick	1174
VEG-05-G-tomato-SN-03-root_S91_L001	27	1.09565802975335	0.443476193533372	OSD-766	ITS	Ground	SN03	root	NA	Ground	NA	NA	NA		GLDS-672_Amplicon_ITS-93-VEG-05-G-tomato-SN-03-root_S91_L001_R1_raw.fastq.gz	GLDS-672_Amplicon_ITS-93-VEG-05-G-tomato-SN-03-root_S91_L001_R2_raw.fastq.gz	VEG-05-G-tomato-SN-03-root	1185
VEG-05-G-tomato-SN-03-soil-1_S92_L001	15	0.969912516672514	0.398211272708452	OSD-766	ITS	Ground	SN03	soil	NA	Ground	1	NA	NA		GLDS-672_Amplicon_ITS-94-VEG-05-G-tomato-SN-03-soil-1_S92_L001_R1_raw.fastq.gz	GLDS-672_Amplicon_ITS-94-VEG-05-G-tomato-SN-03-soil-1_S92_L001_R2_raw.fastq.gz	VEG-05-G-tomato-SN-03-soil-1	1288
VEG-05-G-tomato-SN-03-soil-2_S93_L001	8	0.982970901754487	0.424102783203125	OSD-766	ITS	Ground	SN03	soil	NA	Ground	2	NA	NA		GLDS-672_Amplicon_ITS-95-VEG-05-G-tomato-SN-03-soil-2_S93_L001_R1_raw.fastq.gz	GLDS-672_Amplicon_ITS-95-VEG-05-G-tomato-SN-03-soil-2_S93_L001_R2_raw.fastq.gz	VEG-05-G-tomato-SN-03-soil-2	880
VEG-05-G-tomato-SN-03-soil-3_S94_L001	9	0.780061996818597	0.316788443772571	OSD-766	ITS	Ground	SN03	soil	NA	Ground	3	NA	NA		GLDS-672_Amplicon_ITS-96-VEG-05-G-tomato-SN-03-soil-3_S94_L001_R1_raw.fastq.gz	GLDS-672_Amplicon_ITS-96-VEG-05-G-tomato-SN-03-soil-3_S94_L001_R2_raw.fastq.gz	VEG-05-G-tomato-SN-03-soil-3	1198
VEG-05-G-tomato-SN-03-wick_S90_L001	23	0.473277462414743	0.142013739540655	OSD-766	ITS	Ground	SN03	wick	NA	Ground	NA	NA	NA		GLDS-672_Amplicon_ITS-92-VEG-05-G-tomato-SN-03-wick_S90_L001_R1_raw.fastq.gz	GLDS-672_Amplicon_ITS-92-VEG-05-G-tomato-SN-03-wick_S90_L001_R2_raw.fastq.gz	VEG-05-G-tomato-SN-03-wick	986
VEG-05-G-tomato-SN-07-root_S96_L001	25	0.75947273752198	0.289732294714892	OSD-766	ITS	Ground	SN07	root	NA	Ground	NA	NA	NA		GLDS-672_Amplicon_ITS-98-VEG-05-G-tomato-SN-07-root_S96_L001_R1_raw.fastq.gz	GLDS-672_Amplicon_ITS-98-VEG-05-G-tomato-SN-07-root_S96_L001_R2_raw.fastq.gz	VEG-05-G-tomato-SN-07-root	1166
VEG-05-G-tomato-SN-07-wick_S95_L001	11	0.258040974524068	0.0978127460014445	OSD-766	ITS	Ground	SN07	wick	NA	Ground	NA	NA	NA		GLDS-672_Amplicon_ITS-97-VEG-05-G-tomato-SN-07-wick_S95_L001_R1_raw.fastq.gz	GLDS-672_Amplicon_ITS-97-VEG-05-G-tomato-SN-07-wick_S95_L001_R2_raw.fastq.gz	VEG-05-G-tomato-SN-07-wick	1483
VEG-05-G-tomato-SN-10-root_S101_L001	30	0.696360249544295	0.225968777885187	OSD-766	ITS	Ground	SN10	root	NA	Ground	NA	NA	NA		GLDS-672_Amplicon_ITS-103-VEG-05-G-tomato-SN-10-root_S101_L001_R1_raw.fastq.gz	GLDS-672_Amplicon_ITS-103-VEG-05-G-tomato-SN-10-root_S101_L001_R2_raw.fastq.gz	VEG-05-G-tomato-SN-10-root	1126
VEG-05-G-tomato-SN-10-soil-3_S104_L001	27	0.922158329511852	0.406611993903595	OSD-766	ITS	Ground	SN10	soil	NA	Ground	3	NA	NA		GLDS-672_Amplicon_ITS-106-VEG-05-G-tomato-SN-10-soil-3_S104_L001_R1_raw.fastq.gz	GLDS-672_Amplicon_ITS-106-VEG-05-G-tomato-SN-10-soil-3_S104_L001_R2_raw.fastq.gz	VEG-05-G-tomato-SN-10-soil-3	933
VEG-05-G-tomato-SN-10-wick_S100_L001	10	0.725928778938601	0.295065340126283	OSD-766	ITS	Ground	SN10	wick	NA	Ground	NA	NA	NA		GLDS-672_Amplicon_ITS-102-VEG-05-G-tomato-SN-10-wick_S100_L001_R1_raw.fastq.gz	GLDS-672_Amplicon_ITS-102-VEG-05-G-tomato-SN-10-wick_S100_L001_R2_raw.fastq.gz	VEG-05-G-tomato-SN-10-wick	1050
VEG-05-G-water-SN-003-red-rich_S106_L001	3	0.151289033594437	0.056710775047259	OSD-766	ITS	Ground	SN003	water	Red	Ground_Red	NA	NA	NA		GLDS-672_Amplicon_ITS-108-VEG-05-G-water-SN-003-red-rich_S106_L001_R1_raw.fastq.gz	GLDS-672_Amplicon_ITS-108-VEG-05-G-water-SN-003-red-rich_S106_L001_R2_raw.fastq.gz	VEG-05-G-water-SN-003-red-rich	1084
VEG-05-G-water-SN-006-blue-rich_S105_L001	9	0.296012680132422	0.107011478302761	OSD-766	ITS	Ground	SN006	water	Blue	Ground_Blue	NA	NA	NA		GLDS-672_Amplicon_ITS-107-VEG-05-G-water-SN-006-blue-rich_S105_L001_R1_raw.fastq.gz	GLDS-672_Amplicon_ITS-107-VEG-05-G-water-SN-006-blue-rich_S105_L001_R2_raw.fastq.gz	VEG-05-G-water-SN-006-blue-rich	1022
VEG-05F-SN01-leaf-tom-red-rich_S107_L001	17	0.443773935569062	0.142445443754565	OSD-766	ITS	Flight	SN01	leaf	Red	Flight_Red	NA	NA	NA		GLDS-672_Amplicon_ITS-109-VEG-05F-SN01-leaf-tom-red-rich_S107_L001_R1_raw.fastq.gz	GLDS-672_Amplicon_ITS-109-VEG-05F-SN01-leaf-tom-red-rich_S107_L001_R2_raw.fastq.gz	VEG-05F-SN01-leaf-tom-red-rich	1289
VEG-05F-SN010-AdvRoot-tom-blue-rich_S123_L001	13	1.00542534108821	0.500719464721356	OSD-766	ITS	Flight	SN010	AdvRoot	Blue	Flight_Blue	NA	NA	NA		GLDS-672_Amplicon_ITS-125-VEG-05F-SN010-AdvRoot-tom-blue-rich_S123_L001_R1_raw.fastq.gz	GLDS-672_Amplicon_ITS-125-VEG-05F-SN010-AdvRoot-tom-blue-rich_S123_L001_R2_raw.fastq.gz	VEG-05F-SN010-AdvRoot-tom-blue-rich	1123
VEG-05F-SN012-AdvRoot-tom-blue-rich_S124_L001	16	1.33029200676586	0.650363620528229	OSD-766	ITS	Flight	SN012	AdvRoot	Blue	Flight_Blue	NA	NA	NA		GLDS-672_Amplicon_ITS-126-VEG-05F-SN012-AdvRoot-tom-blue-rich_S124_L001_R1_raw.fastq.gz	GLDS-672_Amplicon_ITS-126-VEG-05F-SN012-AdvRoot-tom-blue-rich_S124_L001_R2_raw.fastq.gz	VEG-05F-SN012-AdvRoot-tom-blue-rich	1364
VEG-05F-SN03-AdvRoot-tom-red-rich_S117_L001	1	0	0	OSD-766	ITS	Flight	SN03	AdvRoot	Red	Flight_Red	NA	NA	NA		GLDS-672_Amplicon_ITS-119-VEG-05F-SN03-AdvRoot-tom-red-rich_S117_L001_R1_raw.fastq.gz	GLDS-672_Amplicon_ITS-119-VEG-05F-SN03-AdvRoot-tom-red-rich_S117_L001_R2_raw.fastq.gz	VEG-05F-SN03-AdvRoot-tom-red-rich	3652
VEG-05F-SN03-leaf-tom-red-rich_S108_L001	13	0.361159278779575	0.124047340545332	OSD-766	ITS	Flight	SN03	leaf	Red	Flight_Red	NA	NA	NA		GLDS-672_Amplicon_ITS-110-VEG-05F-SN03-leaf-tom-red-rich_S108_L001_R1_raw.fastq.gz	GLDS-672_Amplicon_ITS-110-VEG-05F-SN03-leaf-tom-red-rich_S108_L001_R2_raw.fastq.gz	VEG-05F-SN03-leaf-tom-red-rich	2366
VEG-05F-SN04-AdvRoot-tom-red-rich_S118_L001	1	0	0	OSD-766	ITS	Flight	SN04	AdvRoot	Red	Flight_Red	NA	NA	NA		GLDS-672_Amplicon_ITS-120-VEG-05F-SN04-AdvRoot-tom-red-rich_S118_L001_R1_raw.fastq.gz	GLDS-672_Amplicon_ITS-120-VEG-05F-SN04-AdvRoot-tom-red-rich_S118_L001_R2_raw.fastq.gz	VEG-05F-SN04-AdvRoot-tom-red-rich	1109
VEG-05F-SN04-leaf-tom-red-rich_S109_L001	21	0.46064918934664	0.140977818017202	OSD-766	ITS	Flight	SN04	leaf	Red	Flight_Red	NA	NA	NA		GLDS-672_Amplicon_ITS-111-VEG-05F-SN04-leaf-tom-red-rich_S109_L001_R1_raw.fastq.gz	GLDS-672_Amplicon_ITS-111-VEG-05F-SN04-leaf-tom-red-rich_S109_L001_R2_raw.fastq.gz	VEG-05F-SN04-leaf-tom-red-rich	1412
VEG-05F-SN05-leaf-tom-red-rich_S110_L001	24	1.04529666006824	0.461644732350473	OSD-766	ITS	Flight	SN05	leaf	Red	Flight_Red	NA	NA	NA		GLDS-672_Amplicon_ITS-112-VEG-05F-SN05-leaf-tom-red-rich_S110_L001_R1_raw.fastq.gz	GLDS-672_Amplicon_ITS-112-VEG-05F-SN05-leaf-tom-red-rich_S110_L001_R2_raw.fastq.gz	VEG-05F-SN05-leaf-tom-red-rich	695
VEG-05F-SN06-leaf-tom-red-rich_S111_L001	22	0.805964335061043	0.338755532894727	OSD-766	ITS	Flight	SN06	leaf	Red	Flight_Red	NA	NA	NA		GLDS-672_Amplicon_ITS-113-VEG-05F-SN06-leaf-tom-red-rich_S111_L001_R1_raw.fastq.gz	GLDS-672_Amplicon_ITS-113-VEG-05F-SN06-leaf-tom-red-rich_S111_L001_R2_raw.fastq.gz	VEG-05F-SN06-leaf-tom-red-rich	256
VEG-05F-SN07-AdvRoot-tom-blue-rich_S121_L001	19	1.23687097124551	0.623391161963201	OSD-766	ITS	Flight	SN07	AdvRoot	Blue	Flight_Blue	NA	NA	NA		GLDS-672_Amplicon_ITS-123-VEG-05F-SN07-AdvRoot-tom-blue-rich_S121_L001_R1_raw.fastq.gz	GLDS-672_Amplicon_ITS-123-VEG-05F-SN07-AdvRoot-tom-blue-rich_S121_L001_R2_raw.fastq.gz	VEG-05F-SN07-AdvRoot-tom-blue-rich	378
VEG-05F-SN07-leaf-tom-blue-rich_S112_L001	19	0.854158372100041	0.371808336633322	OSD-766	ITS	Flight	SN07	leaf	Blue	Flight_Blue	NA	NA	NA		GLDS-672_Amplicon_ITS-114-VEG-05F-SN07-leaf-tom-blue-rich_S112_L001_R1_raw.fastq.gz	GLDS-672_Amplicon_ITS-114-VEG-05F-SN07-leaf-tom-blue-rich_S112_L001_R2_raw.fastq.gz	VEG-05F-SN07-leaf-tom-blue-rich	3844
VEG-05F-SN08-AdvRoot-tom-blue-rich_S122_L001	26	1.38093402918591	0.663729705807554	OSD-766	ITS	Flight	SN08	AdvRoot	Blue	Flight_Blue	NA	NA	NA		GLDS-672_Amplicon_ITS-124-VEG-05F-SN08-AdvRoot-tom-blue-rich_S122_L001_R1_raw.fastq.gz	GLDS-672_Amplicon_ITS-124-VEG-05F-SN08-AdvRoot-tom-blue-rich_S122_L001_R2_raw.fastq.gz	VEG-05F-SN08-AdvRoot-tom-blue-rich	1327
