ASV_ID	Kingdom	Phylum	Class	Order	Family	Genus	Species
ASV001	Bacteria	Cyanobacteria	Cyanobacteriia	Chloroplast	NA	NA	NA
ASV002	Bacteria	Proteobacteria	Alphaproteobacteria	Rickettsiales	Mitochondria	NA	NA
ASV003	Bacteria	Proteobacteria	Gammaproteobacteria	Burkholderiales	Burkholderiaceae	Burkholderia-Caballeronia-Paraburkholderia	NA
ASV004	Bacteria	Proteobacteria	Gammaproteobacteria	Burkholderiales	Burkholderiaceae	Burkholderia-Caballeronia-Paraburkholderia	NA
ASV005	Bacteria	Bacteroidota	Bacteroidia	Chitinophagales	Chitinophagaceae	Vibrionimonas	NA
ASV006	Bacteria	Proteobacteria	Gammaproteobacteria	Burkholderiales	Burkholderiaceae	Ralstonia	NA
ASV007	Bacteria	Actinobacteriota	Actinobacteria	Pseudonocardiales	Pseudonocardiaceae	Amycolatopsis	NA
ASV008	Bacteria	Proteobacteria	Alphaproteobacteria	Rhizobiales	Beijerinckiaceae	Methylobacterium-Methylorubrum	NA
ASV009	Bacteria	Proteobacteria	Alphaproteobacteria	Rhizobiales	Rhizobiaceae	Allorhizobium-Neorhizobium-Pararhizobium-Rhizobium	NA
ASV010	Bacteria	Proteobacteria	Alphaproteobacteria	Rhizobiales	Rhizobiaceae	Mesorhizobium	NA
ASV011	Bacteria	Proteobacteria	Alphaproteobacteria	Rhizobiales	Hyphomicrobiaceae	Hyphomicrobium	facile
ASV012	Bacteria	Actinobacteriota	Actinobacteria	Micrococcales	Micrococcaceae	Paenarthrobacter	NA
ASV013	Bacteria	Proteobacteria	Alphaproteobacteria	Azospirillales	Azospirillaceae	Azospirillum	NA
ASV014	Bacteria	Proteobacteria	Alphaproteobacteria	Rhizobiales	Xanthobacteraceae	Bradyrhizobium	NA
ASV015	Bacteria	Cyanobacteria	Vampirivibrionia	Obscuribacterales	Obscuribacteraceae	Candidatus Obscuribacter	NA
ASV016	Bacteria	Cyanobacteria	Cyanobacteriia	Chloroplast	NA	NA	NA
ASV017	Bacteria	Proteobacteria	Alphaproteobacteria	Rickettsiales	Mitochondria	NA	NA
ASV018	Bacteria	Acidobacteriota	Acidobacteriae	Acidobacteriales	Acidobacteriaceae (Subgroup 1)	Edaphobacter	NA
ASV019	Bacteria	Proteobacteria	Alphaproteobacteria	Rhizobiales	Xanthobacteraceae	Bradyrhizobium	NA
ASV020	Bacteria	Proteobacteria	Alphaproteobacteria	Rhizobiales	Beijerinckiaceae	Methylobacterium-Methylorubrum	NA
ASV021	Bacteria	Proteobacteria	Alphaproteobacteria	Rhizobiales	Rhizobiaceae	NA	NA
ASV022	Bacteria	Bacteroidota	Bacteroidia	Cytophagales	Spirosomaceae	Dyadobacter	beijingensis
ASV023	Bacteria	Cyanobacteria	Cyanobacteriia	Chloroplast	NA	NA	NA
ASV024	Bacteria	Proteobacteria	Gammaproteobacteria	Enterobacterales	Erwiniaceae	Pantoea	NA
ASV025	Bacteria	Cyanobacteria	Cyanobacteriia	Chloroplast	NA	NA	NA
ASV026	Bacteria	Cyanobacteria	Cyanobacteriia	Chloroplast	NA	NA	NA
ASV027	Bacteria	Cyanobacteria	Cyanobacteriia	Chloroplast	NA	NA	NA
ASV028	Bacteria	Cyanobacteria	Cyanobacteriia	Chloroplast	NA	NA	NA
ASV029	Bacteria	Proteobacteria	Gammaproteobacteria	Gammaproteobacteria Incertae Sedis	Unknown Family	Acidibacter	NA
ASV030	Bacteria	Bacteroidota	Bacteroidia	Chitinophagales	Chitinophagaceae	Chitinophaga	cf.
ASV031	Bacteria	Proteobacteria	Alphaproteobacteria	Rhizobiales	Xanthobacteraceae	Afipia	NA
ASV032	Bacteria	Bacteroidota	Bacteroidia	Chitinophagales	Chitinophagaceae	Hydrotalea	flava
ASV033	Bacteria	Bacteroidota	Bacteroidia	Chitinophagales	Chitinophagaceae	Puia	NA
ASV034	Bacteria	Proteobacteria	Alphaproteobacteria	Rhizobiales	Rhizobiaceae	Aminobacter	NA
ASV035	Bacteria	Proteobacteria	Gammaproteobacteria	Burkholderiales	Comamonadaceae	Aquabacterium	NA
ASV036	Bacteria	Proteobacteria	Alphaproteobacteria	Rhizobiales	Rhizobiaceae	Aminobacter	NA
ASV037	Bacteria	Actinobacteriota	Actinobacteria	Micrococcales	Microbacteriaceae	Leifsonia	NA
ASV038	Bacteria	Proteobacteria	Alphaproteobacteria	Caulobacterales	Caulobacteraceae	Phenylobacterium	mobile
ASV039	Bacteria	Proteobacteria	Alphaproteobacteria	Rhizobiales	Xanthobacteraceae	Tardiphaga	robiniae
ASV040	Bacteria	Proteobacteria	Alphaproteobacteria	Rickettsiales	Mitochondria	NA	NA
ASV041	Bacteria	Elusimicrobiota	Elusimicrobia	Lineage IV	NA	NA	NA
ASV042	Bacteria	Firmicutes	NA	NA	NA	NA	NA
ASV043	Bacteria	Proteobacteria	Alphaproteobacteria	Rickettsiales	Mitochondria	NA	NA
ASV044	Bacteria	Cyanobacteria	Cyanobacteriia	Chloroplast	NA	NA	NA
ASV045	Bacteria	Proteobacteria	Alphaproteobacteria	Rickettsiales	Mitochondria	NA	NA
ASV046	Bacteria	Proteobacteria	Alphaproteobacteria	Sphingomonadales	Sphingomonadaceae	Hephaestia	NA
ASV047	Bacteria	Proteobacteria	Alphaproteobacteria	Rhizobiales	Xanthobacteraceae	NA	NA
ASV048	Bacteria	Planctomycetota	Planctomycetes	Planctomycetales	Rubinisphaeraceae	SH-PL14	NA
ASV049	Bacteria	Actinobacteriota	Actinobacteria	Micrococcales	Microbacteriaceae	Leifsonia	NA
ASV050	Bacteria	Proteobacteria	Alphaproteobacteria	Rickettsiales	Mitochondria	NA	NA
ASV051	Bacteria	Proteobacteria	Alphaproteobacteria	Sphingomonadales	Sphingomonadaceae	Sphingomonas	NA
ASV052	Bacteria	Bacteroidota	Bacteroidia	Chitinophagales	Chitinophagaceae	Chitinophaga	NA
ASV053	Bacteria	Proteobacteria	Alphaproteobacteria	Rickettsiales	Mitochondria	NA	NA
ASV054	Bacteria	Proteobacteria	Gammaproteobacteria	Pseudomonadales	Pseudomonadaceae	Pseudomonas	NA
ASV055	Bacteria	Proteobacteria	Gammaproteobacteria	Burkholderiales	Comamonadaceae	Paucibacter	NA
ASV056	Bacteria	Proteobacteria	Alphaproteobacteria	Rickettsiales	Mitochondria	NA	NA
ASV057	Bacteria	Proteobacteria	Alphaproteobacteria	Sphingomonadales	Sphingomonadaceae	Sphingobium	NA
ASV058	Bacteria	Bacteroidota	Bacteroidia	Chitinophagales	Chitinophagaceae	Heliimonas	saccharivorans
ASV059	Bacteria	Actinobacteriota	Actinobacteria	Micrococcales	Intrasporangiaceae	Terrabacter	NA
ASV060	Bacteria	Firmicutes	Bacilli	Paenibacillales	Paenibacillaceae	Paenibacillus	NA
ASV061	Bacteria	Proteobacteria	Alphaproteobacteria	Rickettsiales	Mitochondria	NA	NA
ASV062	Bacteria	Cyanobacteria	Cyanobacteriia	Chloroplast	NA	NA	NA
ASV063	Bacteria	Proteobacteria	Alphaproteobacteria	Caulobacterales	Caulobacteraceae	Caulobacter	NA
ASV064	Bacteria	Proteobacteria	Alphaproteobacteria	Rickettsiales	Mitochondria	NA	NA
ASV065	Bacteria	Proteobacteria	Alphaproteobacteria	Sphingomonadales	Sphingomonadaceae	Sphingomonas	sediminicola
ASV066	Bacteria	Proteobacteria	Alphaproteobacteria	Rickettsiales	Mitochondria	NA	NA
ASV067	Bacteria	Proteobacteria	Alphaproteobacteria	Rickettsiales	Mitochondria	NA	NA
ASV068	Bacteria	Proteobacteria	Alphaproteobacteria	Rickettsiales	Mitochondria	NA	NA
ASV069	Bacteria	Proteobacteria	Alphaproteobacteria	Rickettsiales	Mitochondria	NA	NA
ASV070	Bacteria	Proteobacteria	Alphaproteobacteria	Sphingomonadales	Sphingomonadaceae	Novosphingobium	NA
ASV071	Bacteria	Proteobacteria	Alphaproteobacteria	Caulobacterales	Caulobacteraceae	NA	NA
ASV072	Bacteria	Proteobacteria	Alphaproteobacteria	Rhizobiales	Xanthobacteraceae	Rhodopseudomonas	NA
ASV073	Bacteria	Proteobacteria	Gammaproteobacteria	Burkholderiales	Comamonadaceae	NA	NA
ASV074	Bacteria	Proteobacteria	Alphaproteobacteria	Rickettsiales	Mitochondria	NA	NA
ASV075	Bacteria	Proteobacteria	Alphaproteobacteria	Rickettsiales	Mitochondria	NA	NA
ASV076	Bacteria	Bacteroidota	Bacteroidia	Chitinophagales	Chitinophagaceae	Sediminibacterium	NA
ASV077	Bacteria	Proteobacteria	Alphaproteobacteria	Rhizobiales	Beijerinckiaceae	Methylobacterium-Methylorubrum	NA
ASV078	Bacteria	Proteobacteria	Alphaproteobacteria	Rhizobiales	Rhizobiaceae	Shinella	fusca
ASV079	Bacteria	Cyanobacteria	Sericytochromatia	NA	NA	NA	NA
ASV080	Bacteria	Proteobacteria	Alphaproteobacteria	Sphingomonadales	Sphingomonadaceae	Sphingomonas	NA
ASV081	Bacteria	Proteobacteria	Alphaproteobacteria	Rickettsiales	Mitochondria	NA	NA
ASV082	Bacteria	Proteobacteria	Alphaproteobacteria	Rickettsiales	Mitochondria	NA	NA
ASV083	Bacteria	Proteobacteria	Alphaproteobacteria	Rickettsiales	Mitochondria	NA	NA
ASV084	Bacteria	Proteobacteria	Alphaproteobacteria	Rickettsiales	Mitochondria	NA	NA
ASV085	Bacteria	Firmicutes	Bacilli	Brevibacillales	Brevibacillaceae	Brevibacillus	NA
ASV086	Bacteria	Actinobacteriota	Actinobacteria	Micrococcales	Micrococcaceae	Pseudarthrobacter	NA
ASV087	Bacteria	Proteobacteria	Gammaproteobacteria	Salinisphaerales	Solimonadaceae	Nevskia	NA
ASV088	Bacteria	Proteobacteria	Alphaproteobacteria	Rickettsiales	Mitochondria	NA	NA
ASV089	Bacteria	Proteobacteria	Alphaproteobacteria	Azospirillales	Azospirillaceae	Azospirillum	NA
ASV090	Bacteria	Proteobacteria	Alphaproteobacteria	Rickettsiales	Mitochondria	NA	NA
ASV091	Bacteria	Actinobacteriota	Actinobacteria	Micrococcales	Microbacteriaceae	Curtobacterium	NA
ASV092	Bacteria	Proteobacteria	Alphaproteobacteria	Sphingomonadales	Sphingomonadaceae	Sphingomonas	NA
ASV093	Bacteria	Cyanobacteria	Vampirivibrionia	Obscuribacterales	Obscuribacteraceae	NA	NA
ASV094	Bacteria	Cyanobacteria	Cyanobacteriia	Chloroplast	NA	NA	NA
ASV095	Bacteria	Proteobacteria	Alphaproteobacteria	Rhizobiales	Rhizobiaceae	Mesorhizobium	NA
ASV096	Bacteria	Proteobacteria	Alphaproteobacteria	Rickettsiales	Mitochondria	NA	NA
ASV097	Bacteria	Proteobacteria	Gammaproteobacteria	Legionellales	Legionellaceae	Legionella	NA
ASV098	Bacteria	Bacteroidota	Bacteroidia	Chitinophagales	Chitinophagaceae	Puia	NA
ASV099	Bacteria	Proteobacteria	Alphaproteobacteria	Rhizobiales	Rhizobiaceae	Mesorhizobium	NA
ASV100	Bacteria	Proteobacteria	Alphaproteobacteria	Rickettsiales	Mitochondria	NA	NA
ASV101	Bacteria	Proteobacteria	Gammaproteobacteria	Burkholderiales	Burkholderiaceae	Cupriavidus	metallidurans
ASV102	Bacteria	Myxococcota	Polyangia	Polyangiales	Polyangiaceae	Minicystis	NA
ASV103	Bacteria	Proteobacteria	Alphaproteobacteria	Rickettsiales	Mitochondria	NA	NA
ASV104	Bacteria	Proteobacteria	Gammaproteobacteria	Burkholderiales	Oxalobacteraceae	Herbaspirillum	NA
ASV105	Bacteria	Proteobacteria	Alphaproteobacteria	Sphingomonadales	Sphingomonadaceae	Sphingomonas	NA
ASV106	Bacteria	Proteobacteria	Gammaproteobacteria	Salinisphaerales	Solimonadaceae	Nevskia	NA
ASV107	Bacteria	Proteobacteria	Alphaproteobacteria	Rickettsiales	Mitochondria	NA	NA
ASV108	Bacteria	Acidobacteriota	Acidobacteriae	Bryobacterales	Bryobacteraceae	Bryobacter	NA
ASV109	Bacteria	Myxococcota	Polyangia	Haliangiales	Haliangiaceae	Haliangium	NA
ASV110	Bacteria	Proteobacteria	Gammaproteobacteria	Xanthomonadales	Rhodanobacteraceae	Dokdonella	NA
ASV111	Bacteria	Proteobacteria	Alphaproteobacteria	Rhizobiales	Devosiaceae	Devosia	NA
ASV112	Bacteria	Bdellovibrionota	Oligoflexia	0319-6G20	NA	NA	NA
ASV113	Bacteria	Proteobacteria	Alphaproteobacteria	Rhizobiales	Xanthobacteraceae	Pseudolabrys	taiwanensis
ASV114	Bacteria	Proteobacteria	Alphaproteobacteria	Rickettsiales	Mitochondria	NA	NA
ASV115	Bacteria	Proteobacteria	Alphaproteobacteria	Rickettsiales	Mitochondria	NA	NA
ASV116	Bacteria	Proteobacteria	Alphaproteobacteria	Rickettsiales	Mitochondria	NA	NA
ASV117	Bacteria	Proteobacteria	Alphaproteobacteria	Rhizobiales	Hyphomicrobiaceae	Hyphomicrobium	NA
ASV118	Bacteria	Proteobacteria	Gammaproteobacteria	Burkholderiales	Comamonadaceae	Pelomonas	NA
ASV119	Bacteria	Proteobacteria	Alphaproteobacteria	Rickettsiales	Mitochondria	NA	NA
ASV120	Bacteria	Proteobacteria	Alphaproteobacteria	Rickettsiales	Mitochondria	NA	NA
ASV121	Bacteria	Proteobacteria	Alphaproteobacteria	Reyranellales	Reyranellaceae	Reyranella	NA
ASV122	Bacteria	Proteobacteria	Alphaproteobacteria	Rickettsiales	Mitochondria	NA	NA
ASV123	Bacteria	Proteobacteria	Gammaproteobacteria	Burkholderiales	Comamonadaceae	Curvibacter	NA
ASV124	Bacteria	Actinobacteriota	Actinobacteria	Streptomycetales	Streptomycetaceae	Streptomyces	NA
ASV125	Bacteria	Proteobacteria	Alphaproteobacteria	Rickettsiales	Mitochondria	NA	NA
ASV126	Bacteria	Proteobacteria	Alphaproteobacteria	Caedibacterales	Caedibacteraceae	Candidatus Nucleicultrix	NA
ASV127	Bacteria	Proteobacteria	Alphaproteobacteria	Rickettsiales	Mitochondria	NA	NA
ASV128	Bacteria	Proteobacteria	Alphaproteobacteria	Rhizobiales	Xanthobacteraceae	NA	NA
ASV129	Bacteria	Proteobacteria	Alphaproteobacteria	Rickettsiales	Mitochondria	NA	NA
ASV130	Bacteria	Proteobacteria	Alphaproteobacteria	Rhizobiales	Rhizobiales Incertae Sedis	Alsobacter	metallidurans
ASV131	Bacteria	Gemmatimonadota	Gemmatimonadetes	Gemmatimonadales	Gemmatimonadaceae	NA	NA
ASV132	Bacteria	Proteobacteria	Alphaproteobacteria	Rickettsiales	Mitochondria	NA	NA
ASV133	Bacteria	Proteobacteria	Alphaproteobacteria	Rickettsiales	Mitochondria	NA	NA
ASV134	Bacteria	Proteobacteria	Alphaproteobacteria	Rickettsiales	Mitochondria	NA	NA
ASV135	Bacteria	Proteobacteria	Alphaproteobacteria	Sphingomonadales	Sphingomonadaceae	Sphingomonas	NA
ASV136	Bacteria	Proteobacteria	Gammaproteobacteria	Burkholderiales	Comamonadaceae	Paucibacter	NA
ASV137	Bacteria	Cyanobacteria	Cyanobacteriia	Chloroplast	NA	NA	NA
ASV138	Bacteria	Firmicutes	Bacilli	Bacillales	Bacillaceae	Bacillus	NA
ASV139	Bacteria	Proteobacteria	Alphaproteobacteria	Rickettsiales	Mitochondria	NA	NA
ASV140	Bacteria	Proteobacteria	Alphaproteobacteria	Sphingomonadales	Sphingomonadaceae	Sphingomonas	NA
ASV141	Bacteria	Firmicutes	Bacilli	Paenibacillales	Paenibacillaceae	Cohnella	NA
ASV142	Bacteria	Proteobacteria	Alphaproteobacteria	Rickettsiales	Mitochondria	NA	NA
ASV143	Bacteria	Proteobacteria	Alphaproteobacteria	Rickettsiales	Mitochondria	NA	NA
ASV144	Bacteria	Bacteroidota	Bacteroidia	Cytophagales	Spirosomaceae	Dyadobacter	NA
ASV145	Bacteria	Actinobacteriota	Actinobacteria	Micrococcales	Promicromonosporaceae	Cellulosimicrobium	NA
ASV146	Bacteria	Proteobacteria	Gammaproteobacteria	Gammaproteobacteria Incertae Sedis	Unknown Family	Acidibacter	NA
ASV147	Bacteria	Proteobacteria	Alphaproteobacteria	Sphingomonadales	Sphingomonadaceae	Novosphingobium	NA
ASV148	Bacteria	Proteobacteria	Alphaproteobacteria	Caedibacterales	Caedibacteraceae	Caedibacter	NA
ASV149	Bacteria	Proteobacteria	Alphaproteobacteria	Sphingomonadales	Sphingomonadaceae	NA	NA
ASV150	Bacteria	Proteobacteria	Gammaproteobacteria	Burkholderiales	Oxalobacteraceae	Massilia	NA
ASV151	Bacteria	Firmicutes	Bacilli	Bacillales	Bacillaceae	Bacillus	NA
ASV152	Bacteria	Proteobacteria	Alphaproteobacteria	Rickettsiales	Mitochondria	NA	NA
ASV153	Bacteria	Proteobacteria	Alphaproteobacteria	Rhizobiales	Rhizobiaceae	Pseudaminobacter	NA
ASV154	Bacteria	Actinobacteriota	Actinobacteria	Micrococcales	Cellulomonadaceae	NA	NA
ASV155	Bacteria	Proteobacteria	Alphaproteobacteria	Micropepsales	Micropepsaceae	NA	NA
ASV156	Bacteria	Proteobacteria	Alphaproteobacteria	Rickettsiales	Mitochondria	NA	NA
ASV157	Bacteria	Proteobacteria	Alphaproteobacteria	Rickettsiales	Mitochondria	NA	NA
ASV158	Bacteria	Armatimonadota	Fimbriimonadia	Fimbriimonadales	Fimbriimonadaceae	NA	NA
ASV159	Bacteria	Actinobacteriota	Actinobacteria	Frankiales	Frankiaceae	Jatrophihabitans	NA
ASV160	Bacteria	Proteobacteria	Alphaproteobacteria	Rickettsiales	Mitochondria	NA	NA
ASV161	Bacteria	Proteobacteria	Alphaproteobacteria	Sphingomonadales	Sphingomonadaceae	Novosphingobium	NA
ASV162	Bacteria	Proteobacteria	Alphaproteobacteria	Rhizobiales	Xanthobacteraceae	NA	NA
ASV163	Bacteria	Proteobacteria	Alphaproteobacteria	Rickettsiales	Mitochondria	NA	NA
ASV164	Bacteria	Bacteroidota	Bacteroidia	Chitinophagales	Chitinophagaceae	Sediminibacterium	NA
ASV165	Bacteria	Bacteroidota	Bacteroidia	Chitinophagales	Chitinophagaceae	Puia	NA
ASV166	Bacteria	Actinobacteriota	Actinobacteria	Micrococcales	Microbacteriaceae	Cnuibacter	physcomitrellae
ASV167	Bacteria	Firmicutes	Bacilli	Paenibacillales	Paenibacillaceae	Paenibacillus	NA
ASV168	Bacteria	Proteobacteria	Alphaproteobacteria	Rickettsiales	Mitochondria	NA	NA
ASV169	Bacteria	Proteobacteria	Alphaproteobacteria	Rickettsiales	Mitochondria	NA	NA
ASV170	Bacteria	Proteobacteria	Gammaproteobacteria	Enterobacterales	Enterobacteriaceae	NA	NA
ASV171	Bacteria	Firmicutes	Bacilli	Paenibacillales	Paenibacillaceae	Paenibacillus	NA
ASV172	Bacteria	Proteobacteria	Alphaproteobacteria	Rickettsiales	Mitochondria	NA	NA
ASV173	Bacteria	Firmicutes	Bacilli	Paenibacillales	Paenibacillaceae	Paenibacillus	NA
ASV174	Bacteria	Proteobacteria	Alphaproteobacteria	Rickettsiales	Mitochondria	NA	NA
ASV175	Bacteria	Actinobacteriota	Thermoleophilia	Gaiellales	NA	NA	NA
ASV176	Bacteria	Proteobacteria	Alphaproteobacteria	Rickettsiales	Mitochondria	NA	NA
ASV177	Bacteria	Proteobacteria	Alphaproteobacteria	Rickettsiales	Mitochondria	NA	NA
ASV178	Bacteria	Firmicutes	Bacilli	Paenibacillales	Paenibacillaceae	Paenibacillus	NA
ASV179	Bacteria	Cyanobacteria	Sericytochromatia	NA	NA	NA	NA
ASV180	Bacteria	Proteobacteria	Alphaproteobacteria	Rickettsiales	Mitochondria	NA	NA
ASV181	Bacteria	Bdellovibrionota	Oligoflexia	0319-6G20	NA	NA	NA
ASV182	Bacteria	Proteobacteria	Alphaproteobacteria	Rickettsiales	Mitochondria	NA	NA
ASV183	Bacteria	Proteobacteria	Alphaproteobacteria	Sphingomonadales	Sphingomonadaceae	Novosphingobium	NA
ASV184	Bacteria	Proteobacteria	Alphaproteobacteria	Rickettsiales	Mitochondria	NA	NA
ASV185	Bacteria	Firmicutes	Bacilli	Paenibacillales	Paenibacillaceae	Paenibacillus	NA
ASV186	Bacteria	Proteobacteria	Alphaproteobacteria	Rickettsiales	Mitochondria	NA	NA
ASV187	Bacteria	Proteobacteria	Alphaproteobacteria	Rickettsiales	Mitochondria	NA	NA
ASV188	Bacteria	Proteobacteria	Alphaproteobacteria	Reyranellales	Reyranellaceae	Reyranella	NA
ASV189	Bacteria	Proteobacteria	Gammaproteobacteria	Xanthomonadales	Xanthomonadaceae	Lysobacter	NA
ASV190	Bacteria	Proteobacteria	Alphaproteobacteria	Rhizobiales	Xanthobacteraceae	NA	NA
ASV191	Bacteria	Firmicutes	Bacilli	Paenibacillales	Paenibacillaceae	Paenibacillus	NA
ASV192	Bacteria	Proteobacteria	Alphaproteobacteria	Rickettsiales	Mitochondria	NA	NA
ASV193	Bacteria	Firmicutes	Bacilli	Bacillales	Bacillaceae	Bacillus	NA
ASV194	Bacteria	Proteobacteria	Alphaproteobacteria	Rhizobiales	Beijerinckiaceae	Methylobacterium-Methylorubrum	NA
ASV195	Bacteria	Firmicutes	Bacilli	Paenibacillales	Paenibacillaceae	Cohnella	NA
ASV196	Bacteria	Actinobacteriota	Actinobacteria	Streptomycetales	Streptomycetaceae	Streptomyces	NA
ASV197	Bacteria	Proteobacteria	Alphaproteobacteria	Rickettsiales	Mitochondria	NA	NA
ASV198	Bacteria	Proteobacteria	Alphaproteobacteria	Rickettsiales	Mitochondria	NA	NA
ASV199	Bacteria	Proteobacteria	Alphaproteobacteria	Rickettsiales	Candidatus Jidaibacter	NA	NA
ASV200	Bacteria	Firmicutes	Bacilli	Staphylococcales	Staphylococcaceae	Staphylococcus	NA
ASV201	Bacteria	Actinobacteriota	Actinobacteria	Streptomycetales	Streptomycetaceae	Streptomyces	NA
ASV202	Bacteria	Proteobacteria	Alphaproteobacteria	Caulobacterales	Caulobacteraceae	Phenylobacterium	koreense
ASV203	Bacteria	Proteobacteria	Alphaproteobacteria	Rhizobiales	Beijerinckiaceae	Methylobacterium-Methylorubrum	NA
ASV204	Bacteria	Planctomycetota	Planctomycetes	Gemmatales	Gemmataceae	Fimbriiglobus	NA
ASV205	Bacteria	Proteobacteria	Alphaproteobacteria	Rickettsiales	Mitochondria	NA	NA
ASV206	Bacteria	Proteobacteria	Alphaproteobacteria	Rickettsiales	Mitochondria	NA	NA
ASV207	Bacteria	Proteobacteria	Alphaproteobacteria	Rickettsiales	Mitochondria	NA	NA
ASV208	Bacteria	Proteobacteria	Alphaproteobacteria	Rickettsiales	Mitochondria	NA	NA
ASV209	Bacteria	Proteobacteria	Alphaproteobacteria	Rickettsiales	Mitochondria	NA	NA
ASV210	Bacteria	Proteobacteria	Gammaproteobacteria	Burkholderiales	Oxalobacteraceae	Massilia	NA
ASV211	Bacteria	Proteobacteria	Alphaproteobacteria	Rickettsiales	Mitochondria	NA	NA
ASV212	Bacteria	Proteobacteria	Alphaproteobacteria	Rickettsiales	Mitochondria	NA	NA
ASV213	Bacteria	Proteobacteria	Alphaproteobacteria	Rickettsiales	Mitochondria	NA	NA
ASV214	Bacteria	Proteobacteria	Alphaproteobacteria	Caulobacterales	Caulobacteraceae	Caulobacter	NA
ASV215	Bacteria	Proteobacteria	Alphaproteobacteria	Sphingomonadales	Sphingomonadaceae	Sphingomonas	NA
ASV216	Bacteria	Proteobacteria	Alphaproteobacteria	Rickettsiales	Mitochondria	NA	NA
ASV217	Bacteria	Proteobacteria	Alphaproteobacteria	Rhizobiales	Xanthobacteraceae	Rhodoplanes	NA
ASV218	Bacteria	Acidobacteriota	Acidobacteriae	Bryobacterales	Bryobacteraceae	Bryobacter	NA
ASV219	Bacteria	Proteobacteria	Alphaproteobacteria	Rickettsiales	Mitochondria	NA	NA
ASV220	Bacteria	Proteobacteria	Alphaproteobacteria	Rickettsiales	Mitochondria	NA	NA
ASV221	Bacteria	Firmicutes	Bacilli	Staphylococcales	Staphylococcaceae	Staphylococcus	NA
ASV222	Bacteria	Proteobacteria	Alphaproteobacteria	Rickettsiales	Mitochondria	NA	NA
ASV223	Bacteria	Proteobacteria	Alphaproteobacteria	Rhizobiales	Beijerinckiaceae	28-YEA-48	NA
ASV224	Bacteria	Proteobacteria	Alphaproteobacteria	Rhodobacterales	Rhodobacteraceae	Paracoccus	NA
ASV225	Bacteria	Proteobacteria	Alphaproteobacteria	Rickettsiales	Mitochondria	NA	NA
ASV226	Bacteria	Proteobacteria	Alphaproteobacteria	Rhizobiales	Devosiaceae	Devosia	NA
ASV227	Bacteria	Proteobacteria	Alphaproteobacteria	Rickettsiales	Mitochondria	NA	NA
ASV228	Bacteria	Proteobacteria	Alphaproteobacteria	Rickettsiales	Mitochondria	NA	NA
ASV229	Bacteria	Proteobacteria	Gammaproteobacteria	Salinisphaerales	Solimonadaceae	Nevskia	NA
ASV230	Bacteria	Bacteroidota	Bacteroidia	Chitinophagales	Chitinophagaceae	Hydrotalea	flava
ASV231	Bacteria	Actinobacteriota	Actinobacteria	Propionibacteriales	Nocardioidaceae	Aeromicrobium	tamlense
ASV232	Bacteria	Proteobacteria	Alphaproteobacteria	Rickettsiales	Mitochondria	NA	NA
ASV233	Bacteria	Proteobacteria	Alphaproteobacteria	Sphingomonadales	Sphingomonadaceae	Novosphingobium	NA
ASV234	Bacteria	Proteobacteria	Alphaproteobacteria	Rickettsiales	Mitochondria	NA	NA
ASV235	Bacteria	Proteobacteria	Alphaproteobacteria	Rickettsiales	Mitochondria	NA	NA
ASV236	Bacteria	Proteobacteria	Alphaproteobacteria	Caulobacterales	Caulobacteraceae	Phenylobacterium	NA
ASV237	Bacteria	Proteobacteria	Gammaproteobacteria	Burkholderiales	Comamonadaceae	Aquabacterium	NA
ASV238	Bacteria	Proteobacteria	Alphaproteobacteria	Caulobacterales	Caulobacteraceae	NA	NA
ASV239	Bacteria	Actinobacteriota	Actinobacteria	Micrococcales	Microbacteriaceae	Agromyces	NA
ASV240	Bacteria	Actinobacteriota	Actinobacteria	Micrococcales	Microbacteriaceae	Amnibacterium	NA
ASV241	Bacteria	Actinobacteriota	Actinobacteria	Corynebacteriales	Mycobacteriaceae	Mycobacterium	NA
ASV242	Bacteria	Proteobacteria	Alphaproteobacteria	Rickettsiales	Mitochondria	NA	NA
ASV243	Bacteria	Proteobacteria	Alphaproteobacteria	Rickettsiales	Mitochondria	NA	NA
ASV244	Bacteria	Proteobacteria	Alphaproteobacteria	Rickettsiales	Mitochondria	NA	NA
ASV245	Bacteria	Proteobacteria	Alphaproteobacteria	Rickettsiales	Mitochondria	NA	NA
ASV246	Bacteria	Proteobacteria	Alphaproteobacteria	Rickettsiales	Mitochondria	NA	NA
ASV247	Bacteria	Proteobacteria	Alphaproteobacteria	Rickettsiales	Mitochondria	NA	NA
ASV248	Bacteria	Cyanobacteria	Vampirivibrionia	Obscuribacterales	Obscuribacteraceae	NA	NA
ASV249	Bacteria	Firmicutes	Bacilli	Bacillales	Bacillaceae	Bacillus	NA
ASV250	Bacteria	Proteobacteria	Alphaproteobacteria	Sphingomonadales	Sphingomonadaceae	Sphingobium	herbicidovorans
ASV251	Bacteria	Proteobacteria	Alphaproteobacteria	Rickettsiales	Mitochondria	NA	NA
ASV252	Bacteria	Actinobacteriota	Actinobacteria	Micrococcales	Microbacteriaceae	Curtobacterium	NA
ASV253	Bacteria	Proteobacteria	Alphaproteobacteria	Rhizobiales	Xanthobacteraceae	Bradyrhizobium	NA
ASV254	Bacteria	Firmicutes	Bacilli	Paenibacillales	Paenibacillaceae	Paenibacillus	NA
ASV255	Bacteria	Planctomycetota	Planctomycetes	Gemmatales	Gemmataceae	Gemmata	NA
ASV256	Bacteria	Proteobacteria	Alphaproteobacteria	Rickettsiales	Mitochondria	NA	NA
ASV257	Bacteria	Actinobacteriota	Actinobacteria	Micrococcales	Microbacteriaceae	Galbitalea	NA
ASV258	Bacteria	Proteobacteria	Alphaproteobacteria	Sphingomonadales	Sphingomonadaceae	Sphingomonas	NA
ASV259	Bacteria	Proteobacteria	Alphaproteobacteria	Rhizobiales	Rhizobiales Incertae Sedis	Phreatobacter	stygius
ASV260	Bacteria	Proteobacteria	Alphaproteobacteria	Rickettsiales	Mitochondria	NA	NA
ASV261	Bacteria	Myxococcota	Polyangia	Polyangiales	Polyangiaceae	Pajaroellobacter	NA
ASV262	Bacteria	Actinobacteriota	Actinobacteria	Corynebacteriales	Corynebacteriaceae	Corynebacterium	kroppenstedtii
ASV263	Bacteria	Firmicutes	Bacilli	Paenibacillales	Paenibacillaceae	Paenibacillus	NA
ASV264	Bacteria	Actinobacteriota	Actinobacteria	Corynebacteriales	Nocardiaceae	Rhodococcus	NA
ASV265	Bacteria	Proteobacteria	Alphaproteobacteria	Sphingomonadales	Sphingomonadaceae	Altererythrobacter	NA
ASV266	Bacteria	Proteobacteria	Alphaproteobacteria	Rickettsiales	Mitochondria	NA	NA
ASV267	Bacteria	Proteobacteria	Alphaproteobacteria	Rickettsiales	Mitochondria	NA	NA
ASV268	Bacteria	Actinobacteriota	Actinobacteria	Micrococcales	Intrasporangiaceae	Knoellia	flava
ASV269	Bacteria	Proteobacteria	Alphaproteobacteria	Rickettsiales	Mitochondria	NA	NA
ASV270	Bacteria	Proteobacteria	Alphaproteobacteria	Rickettsiales	Mitochondria	NA	NA
ASV271	Bacteria	Actinobacteriota	Actinobacteria	Frankiales	Geodermatophilaceae	Geodermatophilus	daqingensis
ASV272	Bacteria	Actinobacteriota	Actinobacteria	Micrococcales	Microbacteriaceae	Herbiconiux	NA
ASV273	Bacteria	Proteobacteria	Alphaproteobacteria	Rickettsiales	Mitochondria	NA	NA
ASV274	Bacteria	Proteobacteria	Gammaproteobacteria	Burkholderiales	Comamonadaceae	Ramlibacter	NA
ASV275	Bacteria	Proteobacteria	Alphaproteobacteria	Rickettsiales	Mitochondria	NA	NA
ASV276	Bacteria	Firmicutes	Bacilli	Paenibacillales	Paenibacillaceae	Paenibacillus	NA
ASV277	Bacteria	Proteobacteria	Alphaproteobacteria	Rickettsiales	Mitochondria	NA	NA
ASV278	Bacteria	Proteobacteria	Alphaproteobacteria	Rickettsiales	Mitochondria	NA	NA
ASV279	Bacteria	Proteobacteria	Alphaproteobacteria	Rhizobiales	Beijerinckiaceae	Methylocella	NA
ASV280	Bacteria	Proteobacteria	Alphaproteobacteria	Rickettsiales	Mitochondria	NA	NA
ASV281	Bacteria	Proteobacteria	Alphaproteobacteria	Rickettsiales	Mitochondria	NA	NA
ASV282	Bacteria	Proteobacteria	Alphaproteobacteria	Rickettsiales	Mitochondria	NA	NA
ASV283	Bacteria	Myxococcota	Polyangia	Polyangiales	Polyangiaceae	Pajaroellobacter	NA
ASV284	Bacteria	Proteobacteria	Alphaproteobacteria	Acetobacterales	Acetobacteraceae	Acidisphaera	NA
ASV285	Bacteria	Proteobacteria	Alphaproteobacteria	Rickettsiales	Mitochondria	NA	NA
ASV286	Bacteria	Firmicutes	Bacilli	Paenibacillales	Paenibacillaceae	Paenibacillus	NA
ASV287	Bacteria	Proteobacteria	Alphaproteobacteria	Rickettsiales	Mitochondria	NA	NA
ASV288	Bacteria	Proteobacteria	Alphaproteobacteria	Rickettsiales	Mitochondria	NA	NA
ASV289	Bacteria	Bacteroidota	Bacteroidia	Cytophagales	Spirosomaceae	Fibrisoma	NA
ASV290	Bacteria	Proteobacteria	Alphaproteobacteria	Rickettsiales	Mitochondria	NA	NA
ASV291	Bacteria	Proteobacteria	Alphaproteobacteria	Rickettsiales	Mitochondria	NA	NA
ASV292	Bacteria	Firmicutes	Bacilli	Lactobacillales	Streptococcaceae	Streptococcus	NA
ASV293	Bacteria	Proteobacteria	Alphaproteobacteria	Rickettsiales	Mitochondria	NA	NA
ASV294	Bacteria	Firmicutes	Bacilli	Lactobacillales	Streptococcaceae	Streptococcus	NA
ASV295	Bacteria	Firmicutes	Bacilli	Paenibacillales	Paenibacillaceae	Paenibacillus	NA
ASV296	Bacteria	Proteobacteria	Alphaproteobacteria	Rickettsiales	Mitochondria	NA	NA
ASV297	Bacteria	Planctomycetota	Planctomycetes	Isosphaerales	Isosphaeraceae	Singulisphaera	mucilaginosa
ASV298	Bacteria	Proteobacteria	Alphaproteobacteria	Rickettsiales	Mitochondria	NA	NA
ASV299	Bacteria	Firmicutes	Bacilli	Paenibacillales	Paenibacillaceae	Paenibacillus	NA
ASV300	Bacteria	Proteobacteria	Alphaproteobacteria	Rickettsiales	Mitochondria	NA	NA
ASV301	Bacteria	Proteobacteria	Alphaproteobacteria	Rhizobiales	Beijerinckiaceae	Bosea	NA
ASV302	Bacteria	Proteobacteria	Alphaproteobacteria	Rickettsiales	Mitochondria	NA	NA
ASV303	Bacteria	Actinobacteriota	Actinobacteria	Corynebacteriales	Mycobacteriaceae	Mycobacterium	NA
ASV304	Bacteria	Proteobacteria	Alphaproteobacteria	Rickettsiales	Mitochondria	NA	NA
ASV305	Bacteria	Proteobacteria	Alphaproteobacteria	Rhizobiales	Xanthobacteraceae	Afipia	clevelandensis
ASV306	Bacteria	Proteobacteria	Alphaproteobacteria	Rickettsiales	Mitochondria	NA	NA
ASV307	Bacteria	Actinobacteriota	Actinobacteria	Pseudonocardiales	Pseudonocardiaceae	Pseudonocardia	NA
ASV308	Bacteria	Proteobacteria	Alphaproteobacteria	Rickettsiales	Mitochondria	NA	NA
ASV309	Bacteria	Proteobacteria	Alphaproteobacteria	Rickettsiales	Mitochondria	NA	NA
ASV310	Bacteria	Firmicutes	Bacilli	Paenibacillales	Paenibacillaceae	Paenibacillus	NA
ASV311	Bacteria	Actinobacteriota	Actinobacteria	Streptomycetales	Streptomycetaceae	Streptomyces	NA
ASV312	Bacteria	Actinobacteriota	Actinobacteria	Corynebacteriales	Corynebacteriaceae	Lawsonella	clevelandensis
ASV313	Bacteria	Proteobacteria	Alphaproteobacteria	Rickettsiales	Mitochondria	NA	NA
ASV314	Bacteria	Proteobacteria	Alphaproteobacteria	Rickettsiales	Mitochondria	NA	NA
ASV315	Bacteria	Proteobacteria	Alphaproteobacteria	Rickettsiales	Mitochondria	NA	NA
ASV316	Bacteria	Proteobacteria	Alphaproteobacteria	Rickettsiales	Mitochondria	NA	NA
ASV317	Bacteria	Proteobacteria	Gammaproteobacteria	Pseudomonadales	Moraxellaceae	Acinetobacter	NA
ASV318	Bacteria	Proteobacteria	Alphaproteobacteria	Rickettsiales	Mitochondria	NA	NA
ASV319	Bacteria	Proteobacteria	Alphaproteobacteria	Rickettsiales	Mitochondria	NA	NA
ASV320	Bacteria	Actinobacteriota	Actinobacteria	Micrococcales	Microbacteriaceae	Microbacterium	NA
ASV321	Bacteria	Proteobacteria	Alphaproteobacteria	Rhizobiales	Rhizobiaceae	Mesorhizobium	NA
ASV322	Bacteria	Actinobacteriota	Actinobacteria	Micrococcales	Microbacteriaceae	Humibacter	NA
ASV323	Bacteria	Proteobacteria	Alphaproteobacteria	Rickettsiales	Mitochondria	NA	NA
ASV324	Bacteria	Proteobacteria	Alphaproteobacteria	Rickettsiales	Mitochondria	NA	NA
ASV325	Bacteria	Bacteroidota	Bacteroidia	Cytophagales	Amoebophilaceae	Candidatus Amoebophilus	NA
ASV326	Bacteria	Proteobacteria	Alphaproteobacteria	Rickettsiales	Mitochondria	NA	NA
ASV327	Bacteria	Proteobacteria	Gammaproteobacteria	Burkholderiales	Burkholderiaceae	Burkholderia-Caballeronia-Paraburkholderia	NA
ASV328	Bacteria	Proteobacteria	Alphaproteobacteria	Rickettsiales	Mitochondria	NA	NA
ASV329	Bacteria	Proteobacteria	Alphaproteobacteria	Rickettsiales	Mitochondria	NA	NA
ASV330	Bacteria	Myxococcota	Polyangia	Polyangiales	Polyangiaceae	Pajaroellobacter	NA
ASV331	Bacteria	Proteobacteria	Alphaproteobacteria	Rickettsiales	Mitochondria	NA	NA
ASV332	Bacteria	Proteobacteria	Alphaproteobacteria	Rickettsiales	Mitochondria	NA	NA
ASV333	Bacteria	Proteobacteria	Alphaproteobacteria	Rickettsiales	Mitochondria	NA	NA
ASV334	Bacteria	Proteobacteria	Alphaproteobacteria	Rickettsiales	Mitochondria	NA	NA
ASV335	Bacteria	Proteobacteria	Alphaproteobacteria	Rickettsiales	Mitochondria	NA	NA
ASV336	Bacteria	Proteobacteria	Alphaproteobacteria	Rickettsiales	Mitochondria	NA	NA
ASV337	Bacteria	Verrucomicrobiota	Verrucomicrobiae	Pedosphaerales	Pedosphaeraceae	Pedosphaera	NA
ASV338	Bacteria	Proteobacteria	Gammaproteobacteria	Burkholderiales	Oxalobacteraceae	Massilia	NA
ASV339	Bacteria	Proteobacteria	Alphaproteobacteria	Rhizobiales	Beijerinckiaceae	Methylobacterium-Methylorubrum	NA
ASV340	Bacteria	Actinobacteriota	Actinobacteria	Streptomycetales	Streptomycetaceae	Streptomyces	NA
ASV341	Bacteria	Planctomycetota	Planctomycetes	Gemmatales	Gemmataceae	Fimbriiglobus	NA
ASV342	Bacteria	Bacteroidota	Bacteroidia	Chitinophagales	Chitinophagaceae	Flavisolibacter	ginsengiterrae
ASV343	Bacteria	Proteobacteria	Alphaproteobacteria	Rickettsiales	Mitochondria	NA	NA
ASV344	Bacteria	Proteobacteria	Alphaproteobacteria	Rickettsiales	Mitochondria	NA	NA
ASV345	Bacteria	Proteobacteria	Alphaproteobacteria	Rickettsiales	Mitochondria	NA	NA
ASV346	Bacteria	Proteobacteria	Alphaproteobacteria	Sphingomonadales	Sphingomonadaceae	Hephaestia	NA
ASV347	Bacteria	Proteobacteria	Alphaproteobacteria	Rickettsiales	Mitochondria	NA	NA
ASV348	Bacteria	Proteobacteria	Alphaproteobacteria	Rickettsiales	Mitochondria	NA	NA
ASV349	Bacteria	Proteobacteria	Alphaproteobacteria	Rhizobiales	Rhizobiaceae	NA	NA
ASV350	Bacteria	Proteobacteria	Alphaproteobacteria	Rickettsiales	Mitochondria	NA	NA
ASV351	Bacteria	Proteobacteria	Alphaproteobacteria	Sphingomonadales	Sphingomonadaceae	Hephaestia	NA
ASV352	Bacteria	Proteobacteria	Alphaproteobacteria	Rickettsiales	Mitochondria	NA	NA
ASV353	Bacteria	Actinobacteriota	Actinobacteria	Propionibacteriales	Nocardioidaceae	Nocardioides	marinus
ASV354	Bacteria	Proteobacteria	Alphaproteobacteria	Rickettsiales	Mitochondria	NA	NA
ASV355	Bacteria	Proteobacteria	Alphaproteobacteria	Rickettsiales	Mitochondria	NA	NA
ASV356	Bacteria	Proteobacteria	Alphaproteobacteria	Rhizobiales	Beijerinckiaceae	Methylobacterium-Methylorubrum	NA
ASV357	Bacteria	Proteobacteria	Alphaproteobacteria	Rickettsiales	Mitochondria	NA	NA
ASV358	Bacteria	Bacteroidota	Bacteroidia	Flavobacteriales	Weeksellaceae	Cloacibacterium	NA
ASV359	Bacteria	Proteobacteria	Alphaproteobacteria	Rickettsiales	Mitochondria	NA	NA
ASV360	Bacteria	Proteobacteria	Alphaproteobacteria	Rickettsiales	Mitochondria	NA	NA
ASV361	Bacteria	Proteobacteria	Alphaproteobacteria	Rickettsiales	Mitochondria	NA	NA
ASV362	Bacteria	Actinobacteriota	Actinobacteria	Streptomycetales	Streptomycetaceae	Streptomyces	NA
ASV363	Bacteria	Proteobacteria	Alphaproteobacteria	Rickettsiales	Mitochondria	NA	NA
ASV364	Bacteria	Proteobacteria	Alphaproteobacteria	Rickettsiales	Mitochondria	NA	NA
ASV365	Bacteria	Acidobacteriota	Acidobacteriae	Bryobacterales	Bryobacteraceae	Bryobacter	NA
ASV366	Bacteria	Proteobacteria	Alphaproteobacteria	Rickettsiales	Mitochondria	NA	NA
ASV367	Bacteria	Proteobacteria	Alphaproteobacteria	Rickettsiales	Mitochondria	NA	NA
ASV368	Bacteria	Cyanobacteria	Cyanobacteriia	Chloroplast	NA	NA	NA
ASV369	Bacteria	Proteobacteria	Alphaproteobacteria	Rickettsiales	Mitochondria	NA	NA
ASV370	Bacteria	Proteobacteria	Alphaproteobacteria	Rickettsiales	Mitochondria	NA	NA
ASV371	Bacteria	Firmicutes	Bacilli	Paenibacillales	Paenibacillaceae	Paenibacillus	NA
ASV372	Bacteria	Proteobacteria	Alphaproteobacteria	Sphingomonadales	Sphingomonadaceae	Hephaestia	NA
ASV373	Bacteria	Proteobacteria	Alphaproteobacteria	Rickettsiales	Mitochondria	NA	NA
ASV374	Bacteria	Bacteroidota	Bacteroidia	Cytophagales	Hymenobacteraceae	Hymenobacter	NA
ASV375	Bacteria	Actinobacteriota	Actinobacteria	Micrococcales	Intrasporangiaceae	Pedococcus-Phycicoccus	NA
ASV376	Bacteria	Firmicutes	Bacilli	Paenibacillales	Paenibacillaceae	Paenibacillus	NA
ASV377	Bacteria	Proteobacteria	Alphaproteobacteria	Rhizobiales	Xanthobacteraceae	Bradyrhizobium	NA
ASV378	Bacteria	Proteobacteria	Alphaproteobacteria	Rickettsiales	Mitochondria	NA	NA
ASV379	Bacteria	Firmicutes	Bacilli	Paenibacillales	Paenibacillaceae	Paenibacillus	NA
ASV380	Bacteria	Proteobacteria	Alphaproteobacteria	Rickettsiales	Mitochondria	NA	NA
ASV381	Bacteria	Proteobacteria	Alphaproteobacteria	Rickettsiales	Mitochondria	NA	NA
ASV382	Bacteria	Proteobacteria	Alphaproteobacteria	Rickettsiales	Mitochondria	NA	NA
ASV383	Bacteria	Actinobacteriota	Actinobacteria	Micrococcales	Intrasporangiaceae	NA	NA
ASV384	Bacteria	Proteobacteria	Alphaproteobacteria	Rickettsiales	Mitochondria	NA	NA
ASV385	Bacteria	Proteobacteria	Alphaproteobacteria	Rickettsiales	Mitochondria	NA	NA
ASV386	Bacteria	Proteobacteria	Alphaproteobacteria	Rickettsiales	Mitochondria	NA	NA
ASV387	Bacteria	Proteobacteria	Alphaproteobacteria	Rickettsiales	Mitochondria	NA	NA
ASV388	Bacteria	Proteobacteria	Alphaproteobacteria	Rhizobiales	Rhizobiaceae	NA	NA
ASV389	Bacteria	Proteobacteria	Alphaproteobacteria	Rickettsiales	Mitochondria	NA	NA
ASV390	Bacteria	Proteobacteria	Gammaproteobacteria	Pseudomonadales	Moraxellaceae	Acinetobacter	lwoffii
ASV391	Bacteria	Proteobacteria	Alphaproteobacteria	Rhizobiales	Beijerinckiaceae	Bosea	NA
ASV392	Bacteria	Firmicutes	Bacilli	Bacillales	Bacillaceae	Bacillus	NA
ASV393	Bacteria	Proteobacteria	Alphaproteobacteria	Rickettsiales	Mitochondria	NA	NA
ASV394	Bacteria	Proteobacteria	Gammaproteobacteria	Xanthomonadales	Xanthomonadaceae	Lysobacter	NA
ASV395	Bacteria	Firmicutes	Bacilli	Paenibacillales	Paenibacillaceae	Paenibacillus	NA
ASV396	Bacteria	Firmicutes	Bacilli	Paenibacillales	Paenibacillaceae	NA	NA
ASV397	Bacteria	Proteobacteria	Alphaproteobacteria	Rickettsiales	Mitochondria	NA	NA
ASV398	Bacteria	Proteobacteria	Alphaproteobacteria	Rickettsiales	Mitochondria	NA	NA
ASV399	Bacteria	Proteobacteria	Alphaproteobacteria	Rhizobiales	Beijerinckiaceae	Methylobacterium-Methylorubrum	NA
ASV400	Bacteria	Bacteroidota	Bacteroidia	Bacteroidales	Prevotellaceae	Prevotella_7	histicola
ASV401	Bacteria	Proteobacteria	Alphaproteobacteria	Rickettsiales	Mitochondria	NA	NA
ASV402	Bacteria	Proteobacteria	Alphaproteobacteria	Rickettsiales	Mitochondria	NA	NA
ASV403	Bacteria	Bacteroidota	Bacteroidia	Chitinophagales	Chitinophagaceae	Flavitalea	NA
ASV404	Bacteria	Proteobacteria	Alphaproteobacteria	Rickettsiales	Mitochondria	NA	NA
ASV405	Bacteria	Proteobacteria	Alphaproteobacteria	Sphingomonadales	Sphingomonadaceae	NA	NA
ASV406	Bacteria	Proteobacteria	Alphaproteobacteria	Rickettsiales	Mitochondria	NA	NA
ASV407	Bacteria	Proteobacteria	Alphaproteobacteria	Rickettsiales	Mitochondria	NA	NA
ASV408	Bacteria	Proteobacteria	Alphaproteobacteria	Rickettsiales	Mitochondria	NA	NA
ASV409	Bacteria	Proteobacteria	Alphaproteobacteria	Rickettsiales	Mitochondria	NA	NA
ASV410	Bacteria	Proteobacteria	Alphaproteobacteria	Rickettsiales	Mitochondria	NA	NA
ASV411	Bacteria	Proteobacteria	Alphaproteobacteria	Rickettsiales	Mitochondria	NA	NA
ASV412	Bacteria	Proteobacteria	Alphaproteobacteria	Rhizobiales	Beijerinckiaceae	Methylobacterium-Methylorubrum	NA
ASV413	Bacteria	Proteobacteria	Alphaproteobacteria	Rickettsiales	Mitochondria	NA	NA
ASV414	Bacteria	Proteobacteria	Alphaproteobacteria	Rickettsiales	Candidatus Jidaibacter	NA	NA
ASV415	Bacteria	Firmicutes	Bacilli	Paenibacillales	Paenibacillaceae	Paenibacillus	NA
ASV416	Bacteria	Proteobacteria	Alphaproteobacteria	Rickettsiales	Mitochondria	NA	NA
ASV417	Bacteria	Proteobacteria	Alphaproteobacteria	Rhizobiales	Rhizobiaceae	Aminobacter	NA
ASV418	Bacteria	Proteobacteria	Gammaproteobacteria	Burkholderiales	NA	NA	NA
ASV419	Bacteria	Proteobacteria	Gammaproteobacteria	Gammaproteobacteria Incertae Sedis	Unknown Family	Acidibacter	NA
ASV420	Bacteria	Proteobacteria	Gammaproteobacteria	Pseudomonadales	Pseudomonadaceae	Pseudomonas	NA
ASV421	Bacteria	Planctomycetota	Phycisphaerae	Tepidisphaerales	WD2101 soil group	NA	NA
ASV422	Bacteria	Proteobacteria	Alphaproteobacteria	Micropepsales	Micropepsaceae	Rhizomicrobium	NA
ASV423	Bacteria	Proteobacteria	Alphaproteobacteria	Rickettsiales	Mitochondria	NA	NA
ASV424	Bacteria	Proteobacteria	Alphaproteobacteria	Azospirillales	Azospirillaceae	Azospirillum	NA
ASV425	Bacteria	Proteobacteria	Alphaproteobacteria	Rickettsiales	Mitochondria	NA	NA
ASV426	Bacteria	Proteobacteria	Alphaproteobacteria	Sphingomonadales	Sphingomonadaceae	NA	NA
ASV427	Bacteria	Proteobacteria	Alphaproteobacteria	Sphingomonadales	Sphingomonadaceae	Hephaestia	NA
ASV428	Bacteria	Proteobacteria	Alphaproteobacteria	Rickettsiales	Mitochondria	NA	NA
ASV429	Bacteria	Actinobacteriota	Actinobacteria	Micrococcales	Microbacteriaceae	Microbacterium	ginsengisoli
ASV430	Bacteria	Proteobacteria	Alphaproteobacteria	Rickettsiales	Mitochondria	NA	NA
ASV431	Bacteria	Firmicutes	Bacilli	Paenibacillales	Paenibacillaceae	Cohnella	NA
ASV432	Bacteria	Proteobacteria	Alphaproteobacteria	Rhizobiales	Xanthobacteraceae	Rhodopseudomonas	NA
ASV433	Bacteria	Firmicutes	Bacilli	Paenibacillales	Paenibacillaceae	Paenibacillus	NA
ASV434	Bacteria	Proteobacteria	Alphaproteobacteria	Rickettsiales	Mitochondria	NA	NA
ASV435	Bacteria	Proteobacteria	Alphaproteobacteria	Sphingomonadales	Sphingomonadaceae	Hephaestia	NA
ASV436	Bacteria	Firmicutes	Negativicutes	Veillonellales-Selenomonadales	Veillonellaceae	Veillonella	NA
ASV437	Bacteria	Proteobacteria	Gammaproteobacteria	Pseudomonadales	Moraxellaceae	Enhydrobacter	aerosaccus
ASV438	Bacteria	Proteobacteria	Alphaproteobacteria	Sphingomonadales	Sphingomonadaceae	NA	NA
ASV439	Bacteria	Proteobacteria	Alphaproteobacteria	Rhizobiales	Rhizobiales Incertae Sedis	Phreatobacter	NA
ASV440	Bacteria	Proteobacteria	Alphaproteobacteria	Sphingomonadales	Sphingomonadaceae	NA	NA
ASV441	Bacteria	Bacteroidota	Bacteroidia	Chitinophagales	Chitinophagaceae	Aurantisolimonas	NA
ASV442	Bacteria	Proteobacteria	Alphaproteobacteria	Sphingomonadales	Sphingomonadaceae	Sphingomonas	NA
ASV443	Bacteria	Proteobacteria	Alphaproteobacteria	Rhizobiales	Labraceae	Labrys	NA
ASV444	Bacteria	Actinobacteriota	Actinobacteria	Pseudonocardiales	Pseudonocardiaceae	NA	NA
ASV445	Bacteria	Actinobacteriota	Actinobacteria	Propionibacteriales	Nocardioidaceae	Nocardioides	NA
ASV446	Bacteria	Proteobacteria	Alphaproteobacteria	Dongiales	Dongiaceae	Dongia	NA
ASV447	Bacteria	Proteobacteria	Alphaproteobacteria	Rhizobiales	Xanthobacteraceae	NA	NA
ASV448	Bacteria	Proteobacteria	Alphaproteobacteria	Rickettsiales	Mitochondria	NA	NA
ASV449	Bacteria	Firmicutes	Bacilli	Paenibacillales	Paenibacillaceae	Paenibacillus	sepulcri
ASV450	Bacteria	Actinobacteriota	Actinobacteria	Pseudonocardiales	Pseudonocardiaceae	NA	NA
ASV451	Bacteria	Actinobacteriota	Actinobacteria	Micrococcales	Microbacteriaceae	NA	NA
ASV452	Bacteria	Actinobacteriota	Actinobacteria	Corynebacteriales	Corynebacteriaceae	Corynebacterium	NA
ASV453	Bacteria	Cyanobacteria	Vampirivibrionia	Obscuribacterales	Obscuribacteraceae	NA	NA
ASV454	Bacteria	Proteobacteria	Alphaproteobacteria	Rickettsiales	Mitochondria	NA	NA
ASV455	Bacteria	Cyanobacteria	Cyanobacteriia	Chloroplast	NA	NA	NA
ASV456	Bacteria	Bacteroidota	Bacteroidia	Cytophagales	Spirosomaceae	Spirosoma	NA
ASV457	Bacteria	Proteobacteria	Alphaproteobacteria	Azospirillales	Azospirillaceae	Azospirillum	NA
ASV458	Bacteria	Actinobacteriota	Actinobacteria	Micrococcales	Micrococcaceae	Micrococcus	NA
ASV459	Bacteria	Proteobacteria	Alphaproteobacteria	NA	NA	NA	NA
ASV460	Bacteria	Firmicutes	Bacilli	Bacillales	Bacillaceae	Anoxybacillus	NA
ASV461	Bacteria	Proteobacteria	Alphaproteobacteria	Azospirillales	Azospirillaceae	Azospirillum	NA
ASV462	Bacteria	Proteobacteria	Gammaproteobacteria	Pseudomonadales	Pseudomonadaceae	Pseudomonas	NA
ASV463	Bacteria	Proteobacteria	Gammaproteobacteria	Pseudomonadales	Pseudomonadaceae	Pseudomonas	NA
ASV464	Bacteria	Proteobacteria	Alphaproteobacteria	Rhizobiales	NA	NA	NA
ASV465	Bacteria	Proteobacteria	Gammaproteobacteria	Pseudomonadales	Pseudomonadaceae	Pseudomonas	NA
ASV466	Bacteria	Cyanobacteria	Cyanobacteriia	Chloroplast	NA	NA	NA
ASV467	Bacteria	Actinobacteriota	Actinobacteria	Frankiales	Geodermatophilaceae	Blastococcus	endophyticus
ASV468	Bacteria	Firmicutes	Bacilli	Paenibacillales	Paenibacillaceae	Cohnella	NA
ASV469	Bacteria	Proteobacteria	Alphaproteobacteria	Rhizobiales	Xanthobacteraceae	NA	NA
ASV470	Bacteria	Deinococcota	Deinococci	Thermales	Thermaceae	Thermus	NA
ASV471	Bacteria	Proteobacteria	Alphaproteobacteria	Rhizobiales	Beijerinckiaceae	Methylobacterium-Methylorubrum	NA
ASV472	Bacteria	Proteobacteria	Alphaproteobacteria	Elsterales	URHD0088	NA	NA
ASV473	Bacteria	Proteobacteria	Alphaproteobacteria	Rhizobiales	Rhizobiaceae	Aminobacter	NA
ASV474	Bacteria	Proteobacteria	Alphaproteobacteria	Sphingomonadales	Sphingomonadaceae	NA	NA
ASV475	Bacteria	Proteobacteria	Alphaproteobacteria	Sphingomonadales	Sphingomonadaceae	NA	NA
ASV476	Bacteria	Actinobacteriota	Actinobacteria	Corynebacteriales	Corynebacteriaceae	Corynebacterium	NA
ASV477	Bacteria	Proteobacteria	Alphaproteobacteria	Rhizobiales	Beijerinckiaceae	Methylobacterium-Methylorubrum	NA
ASV478	Bacteria	Actinobacteriota	Actinobacteria	Frankiales	Geodermatophilaceae	Blastococcus	NA
ASV479	Bacteria	Actinobacteriota	Actinobacteria	Frankiales	Geodermatophilaceae	Modestobacter	NA
ASV480	Bacteria	Firmicutes	Bacilli	Paenibacillales	Paenibacillaceae	Cohnella	NA
ASV481	Bacteria	Proteobacteria	Alphaproteobacteria	Rhizobiales	Beijerinckiaceae	Methylobacterium-Methylorubrum	NA
ASV482	Bacteria	Bacteroidota	Bacteroidia	Sphingobacteriales	Sphingobacteriaceae	Mucilaginibacter	carri
ASV483	Bacteria	Actinobacteriota	Actinobacteria	Propionibacteriales	Nocardioidaceae	Nocardioides	NA
ASV484	Bacteria	Proteobacteria	Alphaproteobacteria	Rhizobiales	Xanthobacteraceae	NA	NA
ASV485	Bacteria	Proteobacteria	Alphaproteobacteria	Sphingomonadales	Sphingomonadaceae	Rhizorhapis	NA
ASV486	Bacteria	Bacteroidota	Bacteroidia	Chitinophagales	Chitinophagaceae	NA	NA
ASV487	Bacteria	Bacteroidota	Bacteroidia	Chitinophagales	Chitinophagaceae	Sediminibacterium	goheungense
ASV488	Bacteria	Actinobacteriota	Actinobacteria	Micrococcales	Micrococcaceae	Rothia	mucilaginosa
ASV489	Bacteria	Proteobacteria	Gammaproteobacteria	Burkholderiales	Neisseriaceae	Eikenella	NA
ASV490	Bacteria	Myxococcota	Polyangia	Haliangiales	Haliangiaceae	Haliangium	NA
ASV491	Bacteria	Actinobacteriota	Actinobacteria	Micrococcales	Micrococcaceae	Kocuria	NA
ASV492	Bacteria	Bacteroidota	Bacteroidia	Bacteroidales	Prevotellaceae	Prevotella	pallens
ASV493	Bacteria	Proteobacteria	Gammaproteobacteria	Burkholderiales	Chromobacteriaceae	Vogesella	perlucida
ASV494	Bacteria	Proteobacteria	Gammaproteobacteria	Burkholderiales	Oxalobacteraceae	Paucimonas	NA
ASV495	Bacteria	Bacteroidota	Bacteroidia	Chitinophagales	Chitinophagaceae	Terrimonas	NA
ASV496	Bacteria	Actinobacteriota	Actinobacteria	Frankiales	Geodermatophilaceae	Blastococcus	NA
ASV497	Bacteria	Proteobacteria	Alphaproteobacteria	Rhizobiales	Xanthobacteraceae	NA	NA
ASV498	Bacteria	Actinobacteriota	Actinobacteria	Kineosporiales	Kineosporiaceae	Angustibacter	peucedani
ASV499	Bacteria	Firmicutes	Bacilli	Brevibacillales	Brevibacillaceae	Brevibacillus	NA
ASV500	Bacteria	Proteobacteria	Gammaproteobacteria	Burkholderiales	Burkholderiaceae	Burkholderia-Caballeronia-Paraburkholderia	NA
ASV501	Bacteria	Bacteroidota	Kapabacteria	Kapabacteriales	NA	NA	NA
ASV502	Bacteria	Firmicutes	Clostridia	Peptostreptococcales-Tissierellales	Family XI	Finegoldia	magna
ASV503	Bacteria	Proteobacteria	Gammaproteobacteria	Xanthomonadales	Xanthomonadaceae	Arenimonas	NA
ASV504	Bacteria	Firmicutes	Clostridia	Lachnospirales	Lachnospiraceae	Blautia	NA
ASV505	Bacteria	Proteobacteria	Gammaproteobacteria	Burkholderiales	Burkholderiaceae	Limnobacter	NA
ASV506	Bacteria	Bacteroidota	Bacteroidia	Bacteroidales	Prevotellaceae	Alloprevotella	NA
ASV507	Bacteria	Proteobacteria	Alphaproteobacteria	Rhizobiales	Hyphomicrobiaceae	Hyphomicrobium	NA
ASV508	Bacteria	Deinococcota	Deinococci	Deinococcales	Deinococcaceae	Deinococcus	phoenicis
ASV509	Bacteria	Proteobacteria	Alphaproteobacteria	Rickettsiales	Mitochondria	NA	NA
ASV510	Bacteria	Acidobacteriota	Acidobacteriae	Subgroup 2	NA	NA	NA
ASV511	Bacteria	Proteobacteria	Alphaproteobacteria	Rhizobiales	Beijerinckiaceae	Methylobacterium-Methylorubrum	NA
ASV512	Bacteria	Acidobacteriota	Acidobacteriae	Bryobacterales	Bryobacteraceae	Bryobacter	NA
ASV513	Bacteria	Actinobacteriota	Actinobacteria	Pseudonocardiales	Pseudonocardiaceae	Tamaricihabitans	NA
ASV514	Bacteria	Chloroflexi	Chloroflexia	Thermomicrobiales	JG30-KF-CM45	NA	NA
ASV515	Bacteria	Firmicutes	Bacilli	Lactobacillales	Streptococcaceae	Lactococcus	NA
ASV516	Bacteria	Proteobacteria	Alphaproteobacteria	Sphingomonadales	Sphingomonadaceae	Sphingomonas	NA
ASV517	Bacteria	Actinobacteriota	Actinobacteria	Corynebacteriales	Corynebacteriaceae	Corynebacterium	NA
ASV518	Bacteria	Proteobacteria	Alphaproteobacteria	Rickettsiales	Mitochondria	NA	NA
ASV519	Bacteria	Cyanobacteria	Cyanobacteriia	Cyanobacteriales	Chroococcidiopsaceae	Chroococcidiopsis SAG 2023	NA
ASV520	Bacteria	Actinobacteriota	Actinobacteria	Micrococcales	Microbacteriaceae	Pseudoclavibacter	alba
ASV521	Bacteria	Firmicutes	Bacilli	Paenibacillales	Paenibacillaceae	Paenibacillus	NA
ASV522	Bacteria	Actinobacteriota	Actinobacteria	Micromonosporales	Micromonosporaceae	NA	NA
ASV523	Bacteria	Firmicutes	Clostridia	Clostridiales	Clostridiaceae	Clostridium sensu stricto 1	NA
ASV524	Bacteria	Firmicutes	Bacilli	Staphylococcales	Gemellaceae	Gemella	NA
ASV525	Bacteria	Armatimonadota	Armatimonadia	Armatimonadales	NA	NA	NA
ASV526	Bacteria	Proteobacteria	Alphaproteobacteria	Rickettsiales	Mitochondria	NA	NA
ASV527	Bacteria	Actinobacteriota	Actinobacteria	Corynebacteriales	Corynebacteriaceae	Turicella	NA
ASV528	Bacteria	Firmicutes	Bacilli	Lactobacillales	Lactobacillaceae	Leuconostoc	NA
ASV529	Bacteria	Firmicutes	Clostridia	Peptostreptococcales-Tissierellales	Family XI	Anaerococcus	NA
ASV530	Bacteria	Proteobacteria	Alphaproteobacteria	Rhodobacterales	Rhodobacteraceae	Rubellimicrobium	NA
ASV531	Bacteria	Proteobacteria	Gammaproteobacteria	Burkholderiales	NA	NA	NA
ASV532	Bacteria	Planctomycetota	Planctomycetes	Isosphaerales	Isosphaeraceae	Tundrisphaera	NA
ASV533	Bacteria	Bacteroidota	Bacteroidia	Chitinophagales	Chitinophagaceae	Parafilimonas	NA
ASV534	Bacteria	Firmicutes	Bacilli	Alicyclobacillales	Alicyclobacillaceae	Alicyclobacillus	NA
ASV535	Bacteria	Proteobacteria	Gammaproteobacteria	Burkholderiales	B1-7BS	NA	NA
ASV536	Bacteria	Bdellovibrionota	Bdellovibrionia	Bacteriovoracales	Bacteriovoracaceae	Peredibacter	starrii
ASV537	Bacteria	Proteobacteria	Gammaproteobacteria	Steroidobacterales	Steroidobacteraceae	NA	NA
ASV538	Bacteria	Firmicutes	Bacilli	Lactobacillales	Lactobacillaceae	Lactobacillus	iners
ASV539	Bacteria	Nitrospirota	Nitrospiria	Nitrospirales	Nitrospiraceae	Nitrospira	NA
ASV540	Bacteria	Proteobacteria	Alphaproteobacteria	Rhizobiales	Beijerinckiaceae	Methylobacterium-Methylorubrum	NA
ASV541	Bacteria	Proteobacteria	Gammaproteobacteria	Enterobacterales	Pasteurellaceae	Haemophilus	NA
ASV542	Bacteria	Proteobacteria	Gammaproteobacteria	Burkholderiales	Nitrosomonadaceae	DSSD61	NA
ASV543	Bacteria	Actinobacteriota	Thermoleophilia	Solirubrobacterales	67-14	NA	NA
ASV544	Bacteria	Firmicutes	Clostridia	Peptostreptococcales-Tissierellales	Anaerovoracaceae	[Eubacterium] brachy group	NA
